assessment_id,psid,rf_reference,agency_code,product_code,payer_id,payer_account_id,payer_name_snapshot,payer_id_masked,external_ref,description,currency,assessed_amount_minor,surcharge_accrued_minor,discount_applied_minor,payable_amount_minor,allocated_amount_minor,balance_minor,issue_date,due_date,expiry_date,status,source,version,metadata,waterfall
AS-00001,12010100000192486,RF5712010100000192486,FBR,FBR-IT-COMP,PY-C001,,Ahmed Traders (Pvt) Ltd,NTN ****00-1,DEMAND/IT/2026/4100,Income Tax - Companies (Advance/Demand) - 2025-26,PKR,35990000,490000,0,35990000,35990000,0,2026-06-15,2026-07-15,,SETTLED,AGENCY_API,1,"{""tax_year"": ""2025-26"", ""assessment_order"": ""AO-9100""}",PENALTY_FIRST
AS-00002,12010100000220967,RF8612010100000220967,FBR,FBR-IT-COMP,PY-C002,,Lahore Textile Mills Ltd,NTN ****37-2,DEMAND/IT/2026/4101,Income Tax - Companies (Advance/Demand) - 2025-26,PKR,40306500,556500,0,40306500,40306500,0,2026-06-15,2026-07-15,,SETTLED,AGENCY_API,1,"{""tax_year"": ""2025-26"", ""assessment_order"": ""AO-9101""}",PENALTY_FIRST
AS-00003,12010100000389025,RF8312010100000389025,FBR,FBR-IT-COMP,PY-C003,,Indus Logistics (Pvt) Ltd,NTN ****74-3,DEMAND/IT/2026/4102,Income Tax - Companies (Advance/Demand) - 2025-26,PKR,45123000,623000,0,45123000,45123000,0,2026-06-15,2026-07-15,,SETTLED,AGENCY_API,1,"{""tax_year"": ""2025-26"", ""assessment_order"": ""AO-9102""}",PENALTY_FIRST
AS-00004,12010100000485997,RF6312010100000485997,FBR,FBR-IT-COMP,PY-C004,,Karachi Steel Works Ltd,NTN ****11-4,DEMAND/IT/2026/4103,Income Tax - Companies (Advance/Demand) - 2025-26,PKR,50589500,689500,0,50589500,20235800,30353700,2026-06-15,2026-07-15,,PARTIALLY_PAID,AGENCY_API,1,"{""tax_year"": ""2025-26"", ""assessment_order"": ""AO-9103""}",PENALTY_FIRST
AS-00005,12010100000587511,RF1712010100000587511,FBR,FBR-IT-COMP,PY-C005,,Ravi Engineering (Pvt) Ltd,NTN ****48-5,DEMAND/IT/2026/4104,Income Tax - Companies (Advance/Demand) - 2025-26,PKR,54756000,756000,0,54756000,27378000,27378000,2026-06-15,2026-07-15,,PARTIALLY_PAID,AGENCY_API,1,"{""tax_year"": ""2025-26"", ""assessment_order"": ""AO-9104""}",PENALTY_FIRST
AS-00006,12010100000683459,RF9712010100000683459,FBR,FBR-IT-COMP,PY-C006,,Meridian Foods (Pvt) Ltd,NTN ****85-6,DEMAND/IT/2026/4105,Income Tax - Companies (Advance/Demand) - 2025-26,PKR,59572500,822500,0,59572500,35743500,23829000,2026-06-15,2026-07-15,,PARTIALLY_PAID,AGENCY_API,1,"{""tax_year"": ""2025-26"", ""assessment_order"": ""AO-9105""}",PENALTY_FIRST
AS-00007,12010100000733644,RF9512010100000733644,FBR,FBR-IT-COMP,PY-C007,,Sapphire Chemicals Ltd,NTN ****22-7,DEMAND/IT/2026/4106,Income Tax - Companies (Advance/Demand) - 2025-26,PKR,65189000,889000,0,65189000,45632300,19556700,2026-06-15,2026-07-15,,PARTIALLY_PAID,AGENCY_API,1,"{""tax_year"": ""2025-26"", ""assessment_order"": ""AO-9106""}",PENALTY_FIRST
AS-00008,12010100000831173,RF7112010100000831173,FBR,FBR-IT-COMP,PY-C008,,Northern Cement Company Ltd,NTN ****59-8,DEMAND/IT/2026/4107,Income Tax - Companies (Advance/Demand) - 2025-26,PKR,69205500,955500,0,69205500,27682200,41523300,2026-06-15,2026-07-15,,PARTIALLY_PAID,AGENCY_API,1,"{""tax_year"": ""2025-26"", ""assessment_order"": ""AO-9107""}",PENALTY_FIRST
AS-00009,12010100000966361,RF0812010100000966361,FBR,FBR-IT-COMP,PY-C009,,Gulberg Software House (Pvt) Ltd,NTN ****96-9,DEMAND/IT/2026/4108,Income Tax - Companies (Advance/Demand) - 2025-26,PKR,74022000,1022000,0,74022000,37011000,37011000,2026-06-15,2026-07-15,,PARTIALLY_PAID,AGENCY_API,1,"{""tax_year"": ""2025-26"", ""assessment_order"": ""AO-9108""}",PENALTY_FIRST
AS-00010,12010100001067875,RF5912010100001067875,FBR,FBR-IT-COMP,PY-C010,,Pak Agro Processing Ltd,NTN ****33-1,DEMAND/IT/2026/4109,Income Tax - Companies (Advance/Demand) - 2025-26,PKR,79788500,1088500,0,79788500,79788500,0,2026-06-15,2026-07-15,,SETTLED,AGENCY_API,1,"{""tax_year"": ""2025-26"", ""assessment_order"": ""AO-9109""}",PENALTY_FIRST
AS-00011,12010100001105118,RF9712010100001105118,FBR,FBR-IT-COMP,PY-C011,,Descon Fabrication (Pvt) Ltd,NTN ****70-2,DEMAND/IT/2026/4110,Income Tax - Companies (Advance/Demand) - 2025-26,PKR,83655000,1155000,0,83655000,83655000,0,2026-06-15,2026-07-15,,SETTLED,AGENCY_API,1,"{""tax_year"": ""2025-26"", ""assessment_order"": ""AO-9110""}",PENALTY_FIRST
AS-00012,12010100001224349,RF9612010100001224349,FBR,FBR-IT-COMP,PY-C012,,Shalimar Pharma (Pvt) Ltd,NTN ****07-3,DEMAND/IT/2026/4111,Income Tax - Companies (Advance/Demand) - 2025-26,PKR,88471500,1221500,0,88471500,88471500,0,2026-06-15,2026-07-15,,SETTLED,AGENCY_API,1,"{""tax_year"": ""2025-26"", ""assessment_order"": ""AO-9111""}",PENALTY_FIRST
AS-00013,12010100001359715,RF7712010100001359715,FBR,FBR-IT-COMP,PY-C013,,Zenith Clearing Agents (Pvt) Ltd,NTN ****44-4,DEMAND/IT/2026/4112,Income Tax - Companies (Advance/Demand) - 2025-26,PKR,94388000,1288000,0,94388000,94388000,0,2026-06-15,2026-07-15,,SETTLED,AGENCY_API,1,"{""tax_year"": ""2025-26"", ""assessment_order"": ""AO-9112""}",PENALTY_FIRST
AS-00014,12010100001424055,RF7012010100001424055,FBR,FBR-IT-COMP,PY-C014,,Orient Auto Parts (Pvt) Ltd,NTN ****81-5,DEMAND/IT/2026/4113,Income Tax - Companies (Advance/Demand) - 2025-26,PKR,98104500,1354500,0,98104500,98104500,0,2026-06-15,2026-07-15,,SETTLED,AGENCY_API,1,"{""tax_year"": ""2025-26"", ""assessment_order"": ""AO-9113""}",PENALTY_FIRST
AS-00015,12010100001591754,RF6012010100001591754,FBR,FBR-IT-COMP,PY-C015,,Crescent Packaging Ltd,NTN ****18-6,DEMAND/IT/2026/4114,Income Tax - Companies (Advance/Demand) - 2025-26,PKR,102921000,1421000,0,102921000,102921000,0,2026-06-15,2026-07-15,,SETTLED,AGENCY_API,1,"{""tax_year"": ""2025-26"", ""assessment_order"": ""AO-9114""}",PENALTY_FIRST
AS-00016,12010400001661551,RF4012010400001661551,FBR,FBR-ST-DOM,PY-C001,,Ahmed Traders (Pvt) Ltd,NTN ****00-1,STR/2026/06/7200,Sales Tax on Goods - Monthly Return - 2026-06,PKR,18144000,144000,0,18144000,0,18144000,2026-07-10,2026-07-25,,OVERDUE,AGENCY_API,1,"{""return_period"": ""2026-06""}",PENALTY_FIRST
AS-00017,12010400001776532,RF3812010400001776532,FBR,FBR-ST-DOM,PY-C002,,Lahore Textile Mills Ltd,NTN ****37-2,STR/2026/06/7201,Sales Tax on Goods - Monthly Return - 2026-06,PKR,21470400,170400,0,21470400,0,21470400,2026-07-10,2026-07-25,,OVERDUE,AGENCY_API,1,"{""return_period"": ""2026-06""}",PENALTY_FIRST
AS-00018,12010400001899869,RF4612010400001899869,FBR,FBR-ST-DOM,PY-C003,,Indus Logistics (Pvt) Ltd,NTN ****74-3,STR/2026/06/7202,Sales Tax on Goods - Monthly Return - 2026-06,PKR,24796800,196800,0,24796800,0,24796800,2026-07-10,2026-07-25,,OVERDUE,AGENCY_API,1,"{""return_period"": ""2026-06""}",PENALTY_FIRST
AS-00019,12010400001909944,RF0912010400001909944,FBR,FBR-ST-DOM,PY-C004,,Karachi Steel Works Ltd,NTN ****11-4,STR/2026/06/7203,Sales Tax on Goods - Monthly Return - 2026-06,PKR,28123200,223200,0,28123200,28123200,0,2026-07-10,2026-07-25,,SETTLED,AGENCY_API,1,"{""return_period"": ""2026-06""}",PENALTY_FIRST
AS-00020,12010400002046360,RF6112010400002046360,FBR,FBR-ST-DOM,PY-C005,,Ravi Engineering (Pvt) Ltd,NTN ****48-5,STR/2026/06/7204,Sales Tax on Goods - Monthly Return - 2026-06,PKR,31449600,249600,0,31449600,31449600,0,2026-07-10,2026-07-25,,SETTLED,AGENCY_API,1,"{""return_period"": ""2026-06""}",PENALTY_FIRST
AS-00021,12010400002186397,RF2512010400002186397,FBR,FBR-ST-DOM,PY-C006,,Meridian Foods (Pvt) Ltd,NTN ****85-6,STR/2026/06/7205,Sales Tax on Goods - Monthly Return - 2026-06,PKR,34776000,276000,0,34776000,34776000,0,2026-07-10,2026-07-25,,SETTLED,AGENCY_API,1,"{""return_period"": ""2026-06""}",PENALTY_FIRST
AS-00022,12010400002246463,RF8312010400002246463,FBR,FBR-ST-DOM,PY-C007,,Sapphire Chemicals Ltd,NTN ****22-7,STR/2026/06/7206,Sales Tax on Goods - Monthly Return - 2026-06,PKR,38102400,302400,0,38102400,38102400,0,2026-07-10,2026-07-25,,SETTLED,AGENCY_API,1,"{""return_period"": ""2026-06""}",PENALTY_FIRST
AS-00023,12010400002312071,RF8112010400002312071,FBR,FBR-ST-DOM,PY-C008,,Northern Cement Company Ltd,NTN ****59-8,STR/2026/06/7207,Sales Tax on Goods - Monthly Return - 2026-06,PKR,41428800,328800,0,41428800,41428800,0,2026-07-10,2026-07-25,,SETTLED,AGENCY_API,1,"{""return_period"": ""2026-06""}",PENALTY_FIRST
AS-00024,12010400002413680,RF8912010400002413680,FBR,FBR-ST-DOM,PY-C009,,Gulberg Software House (Pvt) Ltd,NTN ****96-9,STR/2026/06/7208,Sales Tax on Goods - Monthly Return - 2026-06,PKR,44755200,355200,0,44755200,44755200,0,2026-07-10,2026-07-25,,SETTLED,AGENCY_API,1,"{""return_period"": ""2026-06""}",PENALTY_FIRST
AS-00025,12010400002511726,RF7412010400002511726,FBR,FBR-ST-DOM,PY-C010,,Pak Agro Processing Ltd,NTN ****33-1,STR/2026/06/7209,Sales Tax on Goods - Monthly Return - 2026-06,PKR,48081600,381600,0,48081600,48081600,0,2026-07-10,2026-07-25,,SETTLED,AGENCY_API,1,"{""return_period"": ""2026-06""}",PENALTY_FIRST
AS-00026,21010700000199704,RF3621010700000199704,PRA,PRA-PST-SVC,PY-C001,,Ahmed Traders (Pvt) Ltd,NTN ****00-1,PRA/2026/06/3300,Punjab Sales Tax on Services - Monthly - 2026-06,PKR,9500000,0,0,9500000,0,9500000,2026-07-12,2026-07-27,,OVERDUE,AGENCY_API,1,{},PRO_RATA
AS-00027,21010700000247946,RF1821010700000247946,PRA,PRA-PST-SVC,PY-C002,,Lahore Textile Mills Ltd,NTN ****37-2,PRA/2026/06/3301,Punjab Sales Tax on Services - Monthly - 2026-06,PKR,11600000,0,0,11600000,11600000,0,2026-07-12,2026-07-27,,SETTLED,AGENCY_API,1,{},PRO_RATA
AS-00028,21010700000316777,RF0421010700000316777,PRA,PRA-PST-SVC,PY-C003,,Indus Logistics (Pvt) Ltd,NTN ****74-3,PRA/2026/06/3302,Punjab Sales Tax on Services - Monthly - 2026-06,PKR,13700000,0,0,13700000,13700000,0,2026-07-12,2026-07-27,,SETTLED,AGENCY_API,1,{},PRO_RATA
AS-00029,21010700000453545,RF5821010700000453545,PRA,PRA-PST-SVC,PY-C004,,Karachi Steel Works Ltd,NTN ****11-4,PRA/2026/06/3303,Punjab Sales Tax on Services - Monthly - 2026-06,PKR,15800000,0,0,15800000,15800000,0,2026-07-12,2026-07-27,,SETTLED,AGENCY_API,1,{},PRO_RATA
AS-00030,21010700000563761,RF8921010700000563761,PRA,PRA-PST-SVC,PY-C005,,Ravi Engineering (Pvt) Ltd,NTN ****48-5,PRA/2026/06/3304,Punjab Sales Tax on Services - Monthly - 2026-06,PKR,17900000,0,0,17900000,17900000,0,2026-07-12,2026-07-27,,SETTLED,AGENCY_API,1,{},PRO_RATA
AS-00031,21010700000694183,RF8621010700000694183,PRA,PRA-PST-SVC,PY-C006,,Meridian Foods (Pvt) Ltd,NTN ****85-6,PRA/2026/06/3305,Punjab Sales Tax on Services - Monthly - 2026-06,PKR,20000000,0,0,20000000,20000000,0,2026-07-12,2026-07-27,,SETTLED,AGENCY_API,1,{},PRO_RATA
AS-00032,21010700000751181,RF4521010700000751181,PRA,PRA-PST-SVC,PY-C007,,Sapphire Chemicals Ltd,NTN ****22-7,PRA/2026/06/3306,Punjab Sales Tax on Services - Monthly - 2026-06,PKR,22100000,0,0,22100000,22100000,0,2026-07-12,2026-07-27,,SETTLED,AGENCY_API,1,{},PRO_RATA
AS-00033,21010700000801750,RF5421010700000801750,PRA,PRA-PST-SVC,PY-C008,,Northern Cement Company Ltd,NTN ****59-8,PRA/2026/06/3307,Punjab Sales Tax on Services - Monthly - 2026-06,PKR,24200000,0,0,24200000,24200000,0,2026-07-12,2026-07-27,,SETTLED,AGENCY_API,1,{},PRO_RATA
AS-00034,22010800000145120,RF9122010800000145120,SRB,SRB-SST-SVC,PY-C001,,Ahmed Traders (Pvt) Ltd,NTN ****00-1,SRB/2026/06/5500,Sindh Sales Tax on Services - Monthly - 2026-06,PKR,14000000,0,0,14000000,14000000,0,2026-07-12,2026-07-27,,SETTLED,AGENCY_API,1,{},PENALTY_FIRST
AS-00035,22010800000215654,RF7422010800000215654,SRB,SRB-SST-SVC,PY-C002,,Lahore Textile Mills Ltd,NTN ****37-2,SRB/2026/06/5501,Sindh Sales Tax on Services - Monthly - 2026-06,PKR,16600000,0,0,16600000,0,16600000,2026-07-12,2026-07-27,,OVERDUE,AGENCY_API,1,{},PENALTY_FIRST
AS-00036,22010800000305128,RF6122010800000305128,SRB,SRB-SST-SVC,PY-C003,,Indus Logistics (Pvt) Ltd,NTN ****74-3,SRB/2026/06/5502,Sindh Sales Tax on Services - Monthly - 2026-06,PKR,19200000,0,0,19200000,19200000,0,2026-07-12,2026-07-27,,SETTLED,AGENCY_API,1,{},PENALTY_FIRST
AS-00037,22010800000403089,RF1322010800000403089,SRB,SRB-SST-SVC,PY-C004,,Karachi Steel Works Ltd,NTN ****11-4,SRB/2026/06/5503,Sindh Sales Tax on Services - Monthly - 2026-06,PKR,21800000,0,0,21800000,21800000,0,2026-07-12,2026-07-27,,SETTLED,AGENCY_API,1,{},PENALTY_FIRST
AS-00038,22010800000558917,RF3222010800000558917,SRB,SRB-SST-SVC,PY-C005,,Ravi Engineering (Pvt) Ltd,NTN ****48-5,SRB/2026/06/5504,Sindh Sales Tax on Services - Monthly - 2026-06,PKR,24400000,0,0,24400000,0,24400000,2026-07-12,2026-07-27,,OVERDUE,AGENCY_API,1,{},PENALTY_FIRST
AS-00039,12010500002672566,RF4612010500002672566,FBR,FBR-CUSTOMS,PY-C001,,Ahmed Traders (Pvt) Ltd,NTN ****00-1,GD-KAPW-HC-60100,Customs Duty & Taxes (PSW/GD) - 2026-07,PKR,63200000,0,0,63200000,63200000,0,2026-07-28,2026-07-30,2026-08-02,SETTLED,AGENCY_API,1,"{""gd_no"": ""KAPW-HC-60100"", ""psw_ref"": ""PSW880000""}",EXPLICIT_ONLY
AS-00040,12010500002743126,RF0612010500002743126,FBR,FBR-CUSTOMS,PY-C002,,Lahore Textile Mills Ltd,NTN ****37-2,GD-KAPW-HC-60101,Customs Duty & Taxes (PSW/GD) - 2026-07,PKR,72090000,0,0,72090000,72090000,0,2026-07-28,2026-07-30,2026-08-02,SETTLED,AGENCY_API,1,"{""gd_no"": ""KAPW-HC-60101"", ""psw_ref"": ""PSW880001""}",EXPLICIT_ONLY
AS-00041,12010500002846133,RF9812010500002846133,FBR,FBR-CUSTOMS,PY-C003,,Indus Logistics (Pvt) Ltd,NTN ****74-3,GD-KAPW-HC-60102,Customs Duty & Taxes (PSW/GD) - 2026-07,PKR,80980000,0,0,80980000,0,80980000,2026-07-28,2026-07-30,2026-08-02,ISSUED,AGENCY_API,1,"{""gd_no"": ""KAPW-HC-60102"", ""psw_ref"": ""PSW880002""}",EXPLICIT_ONLY
AS-00042,12010500002919853,RF9812010500002919853,FBR,FBR-CUSTOMS,PY-C004,,Karachi Steel Works Ltd,NTN ****11-4,GD-KAPW-HC-60103,Customs Duty & Taxes (PSW/GD) - 2026-07,PKR,89870000,0,0,89870000,89870000,0,2026-07-28,2026-07-30,2026-08-02,SETTLED,AGENCY_API,1,"{""gd_no"": ""KAPW-HC-60103"", ""psw_ref"": ""PSW880003""}",EXPLICIT_ONLY
AS-00043,12010500003000569,RF6512010500003000569,FBR,FBR-CUSTOMS,PY-C005,,Ravi Engineering (Pvt) Ltd,NTN ****48-5,GD-KAPW-HC-60104,Customs Duty & Taxes (PSW/GD) - 2026-07,PKR,98760000,0,0,98760000,98760000,0,2026-07-28,2026-07-30,2026-08-02,SETTLED,AGENCY_API,1,"{""gd_no"": ""KAPW-HC-60104"", ""psw_ref"": ""PSW880004""}",EXPLICIT_ONLY
AS-00044,12010500003105952,RF2512010500003105952,FBR,FBR-CUSTOMS,PY-C006,,Meridian Foods (Pvt) Ltd,NTN ****85-6,GD-KAPW-HC-60105,Customs Duty & Taxes (PSW/GD) - 2026-07,PKR,107650000,0,0,107650000,107650000,0,2026-07-28,2026-07-30,2026-08-02,SETTLED,AGENCY_API,1,"{""gd_no"": ""KAPW-HC-60105"", ""psw_ref"": ""PSW880005""}",EXPLICIT_ONLY
AS-00045,12010300003231642,RF1612010300003231642,FBR,FBR-WHT-153,PY-C001,,Ahmed Traders (Pvt) Ltd,NTN ****00-1,WHT/153/2026/07/9001,Withholding Tax - Contracts s.153 - 2026-07,PKR,1800000,0,0,1800000,1800000,0,2026-07-24,2026-07-31,,SETTLED,AGENCY_API,1,"{""vendor"": ""Vendor 1"", ""section"": ""153(1)(a)""}",EXPLICIT_ONLY
AS-00046,12010300003336818,RF3612010300003336818,FBR,FBR-WHT-153,PY-C001,,Ahmed Traders (Pvt) Ltd,NTN ****00-1,WHT/153/2026/07/9002,Withholding Tax - Contracts s.153 - 2026-07,PKR,2035000,0,0,2035000,2035000,0,2026-07-24,2026-07-31,,SETTLED,AGENCY_API,1,"{""vendor"": ""Vendor 2"", ""section"": ""153(1)(a)""}",EXPLICIT_ONLY
AS-00047,12010300003447830,RF1212010300003447830,FBR,FBR-WHT-153,PY-C001,,Ahmed Traders (Pvt) Ltd,NTN ****00-1,WHT/153/2026/07/9003,Withholding Tax - Contracts s.153 - 2026-07,PKR,2270000,0,0,2270000,2270000,0,2026-07-24,2026-07-31,,SETTLED,AGENCY_API,1,"{""vendor"": ""Vendor 3"", ""section"": ""153(1)(a)""}",EXPLICIT_ONLY
AS-00048,12010300003582528,RF8412010300003582528,FBR,FBR-WHT-153,PY-C001,,Ahmed Traders (Pvt) Ltd,NTN ****00-1,WHT/153/2026/07/9004,Withholding Tax - Contracts s.153 - 2026-07,PKR,2505000,0,0,2505000,2505000,0,2026-07-24,2026-07-31,,SETTLED,AGENCY_API,1,"{""vendor"": ""Vendor 4"", ""section"": ""153(1)(a)""}",EXPLICIT_ONLY
AS-00049,12010300003674974,RF4612010300003674974,FBR,FBR-WHT-153,PY-C001,,Ahmed Traders (Pvt) Ltd,NTN ****00-1,WHT/153/2026/07/9005,Withholding Tax - Contracts s.153 - 2026-07,PKR,2740000,0,0,2740000,2740000,0,2026-07-24,2026-07-31,,SETTLED,AGENCY_API,1,"{""vendor"": ""Vendor 5"", ""section"": ""153(1)(a)""}",EXPLICIT_ONLY
AS-00050,12010300003793653,RF1112010300003793653,FBR,FBR-WHT-153,PY-C001,,Ahmed Traders (Pvt) Ltd,NTN ****00-1,WHT/153/2026/07/9006,Withholding Tax - Contracts s.153 - 2026-07,PKR,2975000,0,0,2975000,2975000,0,2026-07-24,2026-07-31,,SETTLED,AGENCY_API,1,"{""vendor"": ""Vendor 6"", ""section"": ""153(1)(a)""}",EXPLICIT_ONLY
AS-00051,12010300003852152,RF8612010300003852152,FBR,FBR-WHT-153,PY-C001,,Ahmed Traders (Pvt) Ltd,NTN ****00-1,WHT/153/2026/07/9007,Withholding Tax - Contracts s.153 - 2026-07,PKR,3210000,0,0,3210000,3210000,0,2026-07-24,2026-07-31,,SETTLED,AGENCY_API,1,"{""vendor"": ""Vendor 7"", ""section"": ""153(1)(a)""}",EXPLICIT_ONLY
AS-00052,12010300003922280,RF7012010300003922280,FBR,FBR-WHT-153,PY-C001,,Ahmed Traders (Pvt) Ltd,NTN ****00-1,WHT/153/2026/07/9008,Withholding Tax - Contracts s.153 - 2026-07,PKR,3445000,0,0,3445000,3445000,0,2026-07-24,2026-07-31,,SETTLED,AGENCY_API,1,"{""vendor"": ""Vendor 8"", ""section"": ""153(1)(a)""}",EXPLICIT_ONLY
AS-00053,12010300004037339,RF9612010300004037339,FBR,FBR-WHT-153,PY-C001,,Ahmed Traders (Pvt) Ltd,NTN ****00-1,WHT/153/2026/07/9009,Withholding Tax - Contracts s.153 - 2026-07,PKR,3680000,0,0,3680000,3680000,0,2026-07-24,2026-07-31,,SETTLED,AGENCY_API,1,"{""vendor"": ""Vendor 9"", ""section"": ""153(1)(a)""}",EXPLICIT_ONLY
AS-00054,12010300004129118,RF2512010300004129118,FBR,FBR-WHT-153,PY-C001,,Ahmed Traders (Pvt) Ltd,NTN ****00-1,WHT/153/2026/07/9010,Withholding Tax - Contracts s.153 - 2026-07,PKR,3915000,0,0,3915000,3915000,0,2026-07-24,2026-07-31,,SETTLED,AGENCY_API,1,"{""vendor"": ""Vendor 10"", ""section"": ""153(1)(a)""}",EXPLICIT_ONLY
AS-00055,12010300004259868,RF9012010300004259868,FBR,FBR-WHT-153,PY-C001,,Ahmed Traders (Pvt) Ltd,NTN ****00-1,WHT/153/2026/07/9011,Withholding Tax - Contracts s.153 - 2026-07,PKR,4150000,0,0,4150000,4150000,0,2026-07-24,2026-07-31,,SETTLED,AGENCY_API,1,"{""vendor"": ""Vendor 11"", ""section"": ""153(1)(a)""}",EXPLICIT_ONLY
AS-00056,12010300004336105,RF3112010300004336105,FBR,FBR-WHT-153,PY-C001,,Ahmed Traders (Pvt) Ltd,NTN ****00-1,WHT/153/2026/07/9012,Withholding Tax - Contracts s.153 - 2026-07,PKR,4385000,0,0,4385000,4385000,0,2026-07-24,2026-07-31,,SETTLED,AGENCY_API,1,"{""vendor"": ""Vendor 12"", ""section"": ""153(1)(a)""}",EXPLICIT_ONLY
AS-00057,31010900000181526,RF1831010900000181526,ETPB,ETPB-TOKEN-CAR,PY-I001,PA-VEH-001,Muhammad Ahmed Khan,CNIC ****00-1,TOKEN/2026-27/LEA-17-1000,Motor Vehicle Token Tax - Private Car - 2026-27,PKR,1000000,0,0,1000000,0,1000000,2026-05-31,2026-06-30,,OVERDUE,AGENCY_API,1,"{""vehicle_reg"": ""LEA-17-1000"", ""engine_cc"": 1000}",OLDEST_FIRST
AS-00058,31010900000272949,RF5331010900000272949,ETPB,ETPB-TOKEN-CAR,PY-I002,PA-VEH-002,Fatima Zahra Siddiqui,CNIC ****71-2,TOKEN/2026-27/LEA-18-1137,Motor Vehicle Token Tax - Private Car - 2026-27,PKR,1325000,75000,0,1325000,1325000,0,2026-05-31,2026-06-30,,SETTLED,AGENCY_API,1,"{""vehicle_reg"": ""LEA-18-1137"", ""engine_cc"": 1300}",OLDEST_FIRST
AS-00059,31010900000396648,RF8431010900000396648,ETPB,ETPB-TOKEN-CAR,PY-I003,PA-VEH-003,Ali Hassan Raza,CNIC ****42-3,TOKEN/2026-27/LEA-19-1274,Motor Vehicle Token Tax - Private Car - 2026-27,PKR,1650000,150000,0,1650000,0,1650000,2026-05-31,2026-06-30,,OVERDUE,AGENCY_API,1,"{""vehicle_reg"": ""LEA-19-1274"", ""engine_cc"": 1600}",OLDEST_FIRST
AS-00060,31010900000455600,RF5331010900000455600,ETPB,ETPB-TOKEN-CAR,PY-I004,PA-VEH-004,Ayesha Bibi,CNIC ****13-4,TOKEN/2026-27/LEA-20-1411,Motor Vehicle Token Tax - Private Car - 2026-27,PKR,1750000,0,0,1750000,0,1750000,2026-05-31,2026-06-30,,OVERDUE,AGENCY_API,1,"{""vehicle_reg"": ""LEA-20-1411"", ""engine_cc"": 1900}",OLDEST_FIRST
AS-00061,31010900000509409,RF7631010900000509409,ETPB,ETPB-TOKEN-CAR,PY-I005,PA-VEH-005,Usman Ghani Butt,CNIC ****84-5,TOKEN/2026-27/LEA-21-1548,Motor Vehicle Token Tax - Private Car - 2026-27,PKR,1075000,75000,0,1075000,0,1075000,2026-05-31,2026-06-30,,OVERDUE,AGENCY_API,1,"{""vehicle_reg"": ""LEA-21-1548"", ""engine_cc"": 1000}",OLDEST_FIRST
AS-00062,31010900000612177,RF2531010900000612177,ETPB,ETPB-TOKEN-CAR,PY-I006,PA-VEH-006,Zainab Malik,CNIC ****55-6,TOKEN/2026-27/LEA-17-1685,Motor Vehicle Token Tax - Private Car - 2026-27,PKR,1400000,150000,0,1400000,0,1400000,2026-05-31,2026-06-30,,OVERDUE,AGENCY_API,1,"{""vehicle_reg"": ""LEA-17-1685"", ""engine_cc"": 1300}",OLDEST_FIRST
AS-00063,31010900000700304,RF0631010900000700304,ETPB,ETPB-TOKEN-CAR,PY-I007,PA-VEH-007,Bilal Ahmad Chaudhry,CNIC ****26-7,TOKEN/2026-27/LEA-18-1822,Motor Vehicle Token Tax - Private Car - 2026-27,PKR,1500000,0,0,1500000,0,1500000,2026-05-31,2026-06-30,,OVERDUE,AGENCY_API,1,"{""vehicle_reg"": ""LEA-18-1822"", ""engine_cc"": 1600}",OLDEST_FIRST
AS-00064,31010900000871200,RF0731010900000871200,ETPB,ETPB-TOKEN-CAR,PY-I008,PA-VEH-008,Sana Tariq,CNIC ****97-8,TOKEN/2026-27/LEA-19-1959,Motor Vehicle Token Tax - Private Car - 2026-27,PKR,1825000,75000,0,1825000,0,1825000,2026-05-31,2026-06-30,,OVERDUE,AGENCY_API,1,"{""vehicle_reg"": ""LEA-19-1959"", ""engine_cc"": 1900}",OLDEST_FIRST
AS-00065,31010900000925960,RF5831010900000925960,ETPB,ETPB-TOKEN-CAR,PY-I009,PA-VEH-009,Hamza Yousaf Sheikh,CNIC ****68-9,TOKEN/2026-27/LEA-20-2096,Motor Vehicle Token Tax - Private Car - 2026-27,PKR,1150000,150000,0,1150000,1150000,0,2026-05-31,2026-06-30,,SETTLED,AGENCY_API,1,"{""vehicle_reg"": ""LEA-20-2096"", ""engine_cc"": 1000}",OLDEST_FIRST
AS-00066,31010900001030807,RF3731010900001030807,ETPB,ETPB-TOKEN-CAR,PY-I010,PA-VEH-010,Maryam Nawaz Cheema,CNIC ****39-1,TOKEN/2026-27/LEA-21-2233,Motor Vehicle Token Tax - Private Car - 2026-27,PKR,1250000,0,0,1250000,1250000,0,2026-05-31,2026-06-30,,SETTLED,AGENCY_API,1,"{""vehicle_reg"": ""LEA-21-2233"", ""engine_cc"": 1300}",OLDEST_FIRST
AS-00067,31010900001168656,RF0431010900001168656,ETPB,ETPB-TOKEN-CAR,PY-I011,PA-VEH-011,Imran Shah Bukhari,CNIC ****10-2,TOKEN/2026-27/LEA-17-2370,Motor Vehicle Token Tax - Private Car - 2026-27,PKR,1575000,75000,0,1575000,1575000,0,2026-05-31,2026-06-30,,SETTLED,AGENCY_API,1,"{""vehicle_reg"": ""LEA-17-2370"", ""engine_cc"": 1600}",OLDEST_FIRST
AS-00068,31010900001239495,RF9431010900001239495,ETPB,ETPB-TOKEN-CAR,PY-I012,PA-VEH-012,Nadia Parveen,CNIC ****81-3,TOKEN/2026-27/LEA-18-2507,Motor Vehicle Token Tax - Private Car - 2026-27,PKR,1900000,150000,0,1900000,1900000,0,2026-05-31,2026-06-30,,SETTLED,AGENCY_API,1,"{""vehicle_reg"": ""LEA-18-2507"", ""engine_cc"": 1900}",OLDEST_FIRST
AS-00069,31010900001378322,RF3931010900001378322,ETPB,ETPB-TOKEN-CAR,PY-I013,PA-VEH-013,Kamran Akmal Dar,CNIC ****52-4,TOKEN/2026-27/LEA-19-2644,Motor Vehicle Token Tax - Private Car - 2026-27,PKR,1000000,0,0,1000000,1000000,0,2026-05-31,2026-06-30,,SETTLED,AGENCY_API,1,"{""vehicle_reg"": ""LEA-19-2644"", ""engine_cc"": 1000}",OLDEST_FIRST
AS-00070,31010900001469438,RF2131010900001469438,ETPB,ETPB-TOKEN-CAR,PY-I014,PA-VEH-014,Rabia Sultana,CNIC ****23-5,TOKEN/2026-27/LEA-20-2781,Motor Vehicle Token Tax - Private Car - 2026-27,PKR,1325000,75000,0,1325000,1325000,0,2026-05-31,2026-06-30,,SETTLED,AGENCY_API,1,"{""vehicle_reg"": ""LEA-20-2781"", ""engine_cc"": 1300}",OLDEST_FIRST
AS-00071,31010900001538690,RF8631010900001538690,ETPB,ETPB-TOKEN-CAR,PY-I015,PA-VEH-015,Farhan Javed Mughal,CNIC ****94-6,TOKEN/2026-27/LEA-21-2918,Motor Vehicle Token Tax - Private Car - 2026-27,PKR,1650000,150000,0,1650000,0,1650000,2026-05-31,2026-06-30,,OVERDUE,AGENCY_API,1,"{""vehicle_reg"": ""LEA-21-2918"", ""engine_cc"": 1600}",OLDEST_FIRST
AS-00072,41011300000190123,RF3741011300000190123,PSCA,PSCA-CHALLAN-MOV,PY-I001,,Muhammad Ahmed Khan,CNIC ****00-1,CHL-PSCA-2026-0779123,Traffic e-Challan - Moving Violation - 2026-07,PKR,500000,0,125000,375000,0,375000,2026-07-22,2026-08-06,2026-10-28,ISSUED,AGENCY_API,1,"{""vehicle_reg"": ""LEA-17-1000"", ""violation"": ""Over-speeding 78/60 km/h"", ""location"": ""Canal Road / Jail Road"", ""camera_id"": ""PSCA-CAM-0412""}",PENALTY_FIRST
AS-00073,41011400000286611,RF4941011400000286611,PSCA,PSCA-CHALLAN-PARK,PY-I001,,Muhammad Ahmed Khan,CNIC ****00-1,CHL-PSCA-2026-0611488,Traffic e-Challan - Parking - 2026-06,PKR,300000,0,0,300000,0,300000,2026-06-20,2026-07-05,2026-09-28,OVERDUE,AGENCY_API,1,"{""vehicle_reg"": ""LEA-17-1000"", ""violation"": ""No-parking zone"", ""location"": ""Liberty Market""}",PENALTY_FIRST
AS-00074,41011300000396784,RF1841011300000396784,PSCA,PSCA-CHALLAN-MOV,PY-I002,,Fatima Zahra Siddiqui,CNIC ****71-2,CHL-PSCA-2026-0700000,Traffic e-Challan - Moving Violation - 2026-07,PKR,300000,0,0,300000,300000,0,2026-07-18,2026-08-01,2026-10-28,SETTLED,AGENCY_API,1,"{""vehicle_reg"": ""LEA-18-1137"", ""violation"": ""Signal violation""}",PENALTY_FIRST
AS-00075,41011400000415168,RF5841011400000415168,PSCA,PSCA-CHALLAN-PARK,PY-I003,,Ali Hassan Raza,CNIC ****42-3,CHL-PSCA-2026-0700137,Traffic e-Challan - Parking - 2026-07,PKR,350000,0,0,350000,350000,0,2026-07-17,2026-08-02,2026-10-28,SETTLED,AGENCY_API,1,"{""vehicle_reg"": ""LEA-19-1274"", ""violation"": ""Signal violation""}",PENALTY_FIRST
AS-00076,41011300000506179,RF0341011300000506179,PSCA,PSCA-CHALLAN-MOV,PY-I004,,Ayesha Bibi,CNIC ****13-4,CHL-PSCA-2026-0700274,Traffic e-Challan - Moving Violation - 2026-07,PKR,500000,0,0,500000,500000,0,2026-07-16,2026-08-03,2026-10-28,SETTLED,AGENCY_API,1,"{""vehicle_reg"": ""LEA-20-1411"", ""violation"": ""Signal violation""}",PENALTY_FIRST
AS-00077,41011400000685365,RF1241011400000685365,PSCA,PSCA-CHALLAN-PARK,PY-I005,,Usman Ghani Butt,CNIC ****84-5,CHL-PSCA-2026-0700411,Traffic e-Challan - Parking - 2026-07,PKR,750000,0,0,750000,750000,0,2026-07-15,2026-08-04,2026-10-28,SETTLED,AGENCY_API,1,"{""vehicle_reg"": ""LEA-21-1548"", ""violation"": ""Signal violation""}",PENALTY_FIRST
AS-00078,41011300000758728,RF8641011300000758728,PSCA,PSCA-CHALLAN-MOV,PY-I006,,Zainab Malik,CNIC ****55-6,CHL-PSCA-2026-0700548,Traffic e-Challan - Moving Violation - 2026-07,PKR,200000,0,0,200000,200000,0,2026-07-14,2026-08-05,2026-10-28,SETTLED,AGENCY_API,1,"{""vehicle_reg"": ""LEA-17-1685"", ""violation"": ""Signal violation""}",PENALTY_FIRST
AS-00079,41011400000884904,RF3341011400000884904,PSCA,PSCA-CHALLAN-PARK,PY-I007,,Bilal Ahmad Chaudhry,CNIC ****26-7,CHL-PSCA-2026-0700685,Traffic e-Challan - Parking - 2026-07,PKR,350000,0,0,350000,350000,0,2026-07-13,2026-08-06,2026-10-28,SETTLED,AGENCY_API,1,"{""vehicle_reg"": ""LEA-18-1822"", ""violation"": ""Signal violation""}",PENALTY_FIRST
AS-00080,41011300000955356,RF3741011300000955356,PSCA,PSCA-CHALLAN-MOV,PY-I008,,Sana Tariq,CNIC ****97-8,CHL-PSCA-2026-0700822,Traffic e-Challan - Moving Violation - 2026-07,PKR,600000,0,0,600000,600000,0,2026-07-12,2026-08-07,2026-10-28,SETTLED,AGENCY_API,1,"{""vehicle_reg"": ""LEA-19-1959"", ""violation"": ""Signal violation""}",PENALTY_FIRST
AS-00081,41011400001019517,RF7241011400001019517,PSCA,PSCA-CHALLAN-PARK,PY-I009,,Hamza Yousaf Sheikh,CNIC ****68-9,CHL-PSCA-2026-0700959,Traffic e-Challan - Parking - 2026-07,PKR,650000,0,0,650000,650000,0,2026-07-11,2026-08-08,2026-10-28,SETTLED,AGENCY_API,1,"{""vehicle_reg"": ""LEA-20-2096"", ""violation"": ""Signal violation""}",PENALTY_FIRST
AS-00082,41011300001105173,RF7241011300001105173,PSCA,PSCA-CHALLAN-MOV,PY-I010,,Maryam Nawaz Cheema,CNIC ****39-1,CHL-PSCA-2026-0701096,Traffic e-Challan - Moving Violation - 2026-07,PKR,200000,0,0,200000,200000,0,2026-07-10,2026-08-09,2026-10-28,SETTLED,AGENCY_API,1,"{""vehicle_reg"": ""LEA-21-2233"", ""violation"": ""Signal violation""}",PENALTY_FIRST
AS-00083,41011400001215669,RF7141011400001215669,PSCA,PSCA-CHALLAN-PARK,PY-I011,,Imran Shah Bukhari,CNIC ****10-2,CHL-PSCA-2026-0701233,Traffic e-Challan - Parking - 2026-07,PKR,450000,0,0,450000,450000,0,2026-07-09,2026-08-10,2026-10-28,SETTLED,AGENCY_API,1,"{""vehicle_reg"": ""LEA-17-2370"", ""violation"": ""Signal violation""}",PENALTY_FIRST
AS-00084,41011300001327382,RF7341011300001327382,PSCA,PSCA-CHALLAN-MOV,PY-I012,,Nadia Parveen,CNIC ****81-3,CHL-PSCA-2026-0701370,Traffic e-Challan - Moving Violation - 2026-07,PKR,500000,0,0,500000,500000,0,2026-07-08,2026-08-11,2026-10-28,SETTLED,AGENCY_API,1,"{""vehicle_reg"": ""LEA-18-2507"", ""violation"": ""Signal violation""}",PENALTY_FIRST
AS-00085,41011400001427546,RF6441011400001427546,PSCA,PSCA-CHALLAN-PARK,PY-I013,,Kamran Akmal Dar,CNIC ****52-4,CHL-PSCA-2026-0701507,Traffic e-Challan - Parking - 2026-07,PKR,650000,0,0,650000,650000,0,2026-07-07,2026-08-12,2026-10-28,SETTLED,AGENCY_API,1,"{""vehicle_reg"": ""LEA-19-2644"", ""violation"": ""Signal violation""}",PENALTY_FIRST
AS-00086,41011300001502164,RF0941011300001502164,PSCA,PSCA-CHALLAN-MOV,PY-I014,,Rabia Sultana,CNIC ****23-5,CHL-PSCA-2026-0701644,Traffic e-Challan - Moving Violation - 2026-07,PKR,300000,0,0,300000,300000,0,2026-07-06,2026-08-13,2026-10-28,SETTLED,AGENCY_API,1,"{""vehicle_reg"": ""LEA-20-2781"", ""violation"": ""Signal violation""}",PENALTY_FIRST
AS-00087,41011400001606295,RF7641011400001606295,PSCA,PSCA-CHALLAN-PARK,PY-I001,,Muhammad Ahmed Khan,CNIC ****00-1,CHL-PSCA-2026-0455901,Traffic e-Challan - Parking - 2026-01,PKR,150000,0,0,150000,150000,0,2026-01-11,2026-01-26,,SETTLED,AGENCY_API,1,"{""vehicle_reg"": ""LEA-17-1000"", ""violation"": ""No-parking zone"", ""location"": ""MM Alam Road""}",PENALTY_FIRST
AS-00088,41011300001764709,RF5441011300001764709,PSCA,PSCA-CHALLAN-MOV,PY-I003,,Ali Hassan Raza,CNIC ****42-3,CHL-PSCA-2026-0688201,Traffic e-Challan - Moving Violation - 2026-06,PKR,600000,0,0,600000,600000,0,2026-06-30,2026-07-14,2026-09-28,SETTLED,AGENCY_API,1,"{""vehicle_reg"": ""LEA-19-1274"", ""violation"": ""Red-light violation"", ""location"": ""Ferozepur Road / Kalma Chowk""}",PENALTY_FIRST
AS-00089,41011400001867008,RF1841011400001867008,PSCA,PSCA-CHALLAN-PARK,PY-I003,,Ali Hassan Raza,CNIC ****42-3,CHL-PSCA-2026-0701455,Traffic e-Challan - Parking - 2026-07,PKR,200000,0,0,200000,200000,0,2026-07-10,2026-07-24,2026-09-28,SETTLED,AGENCY_API,1,"{""vehicle_reg"": ""LEA-19-1274"", ""violation"": ""Obstructive parking"", ""location"": ""Gulberg Main Boulevard""}",PENALTY_FIRST
AS-00090,5101150000012,,WASA,WASA-WATER-DOM,PY-I001,PA-WAT-001,Muhammad Ahmed Khan,CNIC ****00-1,WASA/514000001/2026-05,Water & Sewerage Bill - Domestic - 2026-05,PKR,207000,30000,0,207000,207000,0,2026-05-01,2026-05-31,,SETTLED,AGENCY_API,1,"{""crn"": ""514000001"", ""billing_period"": ""2026-05""}",OLDEST_FIRST
AS-00091,5101150000020,,WASA,WASA-WATER-DOM,PY-I001,PA-WAT-001,Muhammad Ahmed Khan,CNIC ****00-1,WASA/514000001/2026-06,Water & Sewerage Bill - Domestic - 2026-06,PKR,192000,15000,0,192000,192000,0,2026-05-31,2026-06-30,,SETTLED,AGENCY_API,1,"{""crn"": ""514000001"", ""billing_period"": ""2026-06""}",OLDEST_FIRST
AS-00092,5101150000036,,WASA,WASA-WATER-DOM,PY-I001,PA-WAT-001,Muhammad Ahmed Khan,CNIC ****00-1,WASA/514000001/2026-07,Water & Sewerage Bill - Domestic - 2026-07,PKR,177000,0,0,177000,15700,161300,2026-06-30,2026-07-30,,PARTIALLY_PAID,AGENCY_API,1,"{""crn"": ""514000001"", ""billing_period"": ""2026-07""}",OLDEST_FIRST
AS-00093,5101150000048,,WASA,WASA-WATER-DOM,PY-I002,PA-WAT-002,Fatima Zahra Siddiqui,CNIC ****71-2,WASA/514007772/2026-05,Water & Sewerage Bill - Domestic - 2026-05,PKR,221000,30000,0,221000,221000,0,2026-05-01,2026-05-31,,SETTLED,AGENCY_API,1,"{""crn"": ""514007772"", ""billing_period"": ""2026-05""}",OLDEST_FIRST
AS-00094,5101150000057,,WASA,WASA-WATER-DOM,PY-I002,PA-WAT-002,Fatima Zahra Siddiqui,CNIC ****71-2,WASA/514007772/2026-06,Water & Sewerage Bill - Domestic - 2026-06,PKR,206000,15000,0,206000,206000,0,2026-05-31,2026-06-30,,SETTLED,AGENCY_API,1,"{""crn"": ""514007772"", ""billing_period"": ""2026-06""}",OLDEST_FIRST
AS-00095,5101150000061,,WASA,WASA-WATER-DOM,PY-I002,PA-WAT-002,Fatima Zahra Siddiqui,CNIC ****71-2,WASA/514007772/2026-07,Water & Sewerage Bill - Domestic - 2026-07,PKR,191000,0,0,191000,191000,0,2026-06-30,2026-07-30,,SETTLED,AGENCY_API,1,"{""crn"": ""514007772"", ""billing_period"": ""2026-07""}",OLDEST_FIRST
AS-00096,5101150000073,,WASA,WASA-WATER-DOM,PY-I003,PA-WAT-003,Ali Hassan Raza,CNIC ****42-3,WASA/514015545/2026-05,Water & Sewerage Bill - Domestic - 2026-05,PKR,235000,30000,0,235000,235000,0,2026-05-01,2026-05-31,,SETTLED,AGENCY_API,1,"{""crn"": ""514015545"", ""billing_period"": ""2026-05""}",OLDEST_FIRST
AS-00097,5101150000085,,WASA,WASA-WATER-DOM,PY-I003,PA-WAT-003,Ali Hassan Raza,CNIC ****42-3,WASA/514015545/2026-06,Water & Sewerage Bill - Domestic - 2026-06,PKR,220000,15000,0,220000,220000,0,2026-05-31,2026-06-30,,SETTLED,AGENCY_API,1,"{""crn"": ""514015545"", ""billing_period"": ""2026-06""}",OLDEST_FIRST
AS-00098,5101150000099,,WASA,WASA-WATER-DOM,PY-I003,PA-WAT-003,Ali Hassan Raza,CNIC ****42-3,WASA/514015545/2026-07,Water & Sewerage Bill - Domestic - 2026-07,PKR,205000,0,0,205000,205000,0,2026-06-30,2026-07-30,,SETTLED,AGENCY_API,1,"{""crn"": ""514015545"", ""billing_period"": ""2026-07""}",OLDEST_FIRST
AS-00099,5101150000103,,WASA,WASA-WATER-DOM,PY-I004,PA-WAT-004,Ayesha Bibi,CNIC ****13-4,WASA/514023315/2026-05,Water & Sewerage Bill - Domestic - 2026-05,PKR,249000,30000,0,249000,249000,0,2026-05-01,2026-05-31,,SETTLED,AGENCY_API,1,"{""crn"": ""514023315"", ""billing_period"": ""2026-05""}",OLDEST_FIRST
AS-00100,5101150000116,,WASA,WASA-WATER-DOM,PY-I004,PA-WAT-004,Ayesha Bibi,CNIC ****13-4,WASA/514023315/2026-06,Water & Sewerage Bill - Domestic - 2026-06,PKR,234000,15000,0,234000,234000,0,2026-05-31,2026-06-30,,SETTLED,AGENCY_API,1,"{""crn"": ""514023315"", ""billing_period"": ""2026-06""}",OLDEST_FIRST
AS-00101,5101150000127,,WASA,WASA-WATER-DOM,PY-I004,PA-WAT-004,Ayesha Bibi,CNIC ****13-4,WASA/514023315/2026-07,Water & Sewerage Bill - Domestic - 2026-07,PKR,219000,0,0,219000,219000,0,2026-06-30,2026-07-30,,SETTLED,AGENCY_API,1,"{""crn"": ""514023315"", ""billing_period"": ""2026-07""}",OLDEST_FIRST
AS-00102,5101150000134,,WASA,WASA-WATER-DOM,PY-I005,PA-WAT-005,Usman Ghani Butt,CNIC ****84-5,WASA/514031080/2026-05,Water & Sewerage Bill - Domestic - 2026-05,PKR,263000,30000,0,263000,263000,0,2026-05-01,2026-05-31,,SETTLED,AGENCY_API,1,"{""crn"": ""514031080"", ""billing_period"": ""2026-05""}",OLDEST_FIRST
AS-00103,5101150000142,,WASA,WASA-WATER-DOM,PY-I005,PA-WAT-005,Usman Ghani Butt,CNIC ****84-5,WASA/514031080/2026-06,Water & Sewerage Bill - Domestic - 2026-06,PKR,248000,15000,0,248000,0,248000,2026-05-31,2026-06-30,,OVERDUE,AGENCY_API,1,"{""crn"": ""514031080"", ""billing_period"": ""2026-06""}",OLDEST_FIRST
AS-00104,5101150000150,,WASA,WASA-WATER-DOM,PY-I005,PA-WAT-005,Usman Ghani Butt,CNIC ****84-5,WASA/514031080/2026-07,Water & Sewerage Bill - Domestic - 2026-07,PKR,233000,0,0,233000,0,233000,2026-06-30,2026-07-30,,ISSUED,AGENCY_API,1,"{""crn"": ""514031080"", ""billing_period"": ""2026-07""}",OLDEST_FIRST
AS-00105,5101150000169,,WASA,WASA-WATER-DOM,PY-I006,PA-WAT-006,Zainab Malik,CNIC ****55-6,WASA/514038850/2026-05,Water & Sewerage Bill - Domestic - 2026-05,PKR,277000,30000,0,277000,0,277000,2026-05-01,2026-05-31,,OVERDUE,AGENCY_API,1,"{""crn"": ""514038850"", ""billing_period"": ""2026-05""}",OLDEST_FIRST
AS-00106,5101150000175,,WASA,WASA-WATER-DOM,PY-I006,PA-WAT-006,Zainab Malik,CNIC ****55-6,WASA/514038850/2026-06,Water & Sewerage Bill - Domestic - 2026-06,PKR,262000,15000,0,262000,0,262000,2026-05-31,2026-06-30,,OVERDUE,AGENCY_API,1,"{""crn"": ""514038850"", ""billing_period"": ""2026-06""}",OLDEST_FIRST
AS-00107,5101150000188,,WASA,WASA-WATER-DOM,PY-I006,PA-WAT-006,Zainab Malik,CNIC ****55-6,WASA/514038850/2026-07,Water & Sewerage Bill - Domestic - 2026-07,PKR,247000,0,0,247000,0,247000,2026-06-30,2026-07-30,,ISSUED,AGENCY_API,1,"{""crn"": ""514038850"", ""billing_period"": ""2026-07""}",OLDEST_FIRST
AS-00108,5101150000191,,WASA,WASA-WATER-DOM,PY-I007,PA-WAT-007,Bilal Ahmad Chaudhry,CNIC ****26-7,WASA/514046624/2026-05,Water & Sewerage Bill - Domestic - 2026-05,PKR,291000,30000,0,291000,0,291000,2026-05-01,2026-05-31,,OVERDUE,AGENCY_API,1,"{""crn"": ""514046624"", ""billing_period"": ""2026-05""}",OLDEST_FIRST
AS-00109,5101150000209,,WASA,WASA-WATER-DOM,PY-I007,PA-WAT-007,Bilal Ahmad Chaudhry,CNIC ****26-7,WASA/514046624/2026-06,Water & Sewerage Bill - Domestic - 2026-06,PKR,276000,15000,0,276000,0,276000,2026-05-31,2026-06-30,,OVERDUE,AGENCY_API,1,"{""crn"": ""514046624"", ""billing_period"": ""2026-06""}",OLDEST_FIRST
AS-00110,5101150000214,,WASA,WASA-WATER-DOM,PY-I007,PA-WAT-007,Bilal Ahmad Chaudhry,CNIC ****26-7,WASA/514046624/2026-07,Water & Sewerage Bill - Domestic - 2026-07,PKR,261000,0,0,261000,0,261000,2026-06-30,2026-07-30,,ISSUED,AGENCY_API,1,"{""crn"": ""514046624"", ""billing_period"": ""2026-07""}",OLDEST_FIRST
AS-00111,5101150000223,,WASA,WASA-WATER-DOM,PY-I008,PA-WAT-008,Sana Tariq,CNIC ****97-8,WASA/514054397/2026-07,Water & Sewerage Bill - Domestic - 2026-07,PKR,275000,0,0,275000,0,275000,2026-06-30,2026-07-30,,ISSUED,AGENCY_API,1,"{""crn"": ""514054397"", ""billing_period"": ""2026-07""}",OLDEST_FIRST
AS-00112,5101150000238,,WASA,WASA-WATER-DOM,PY-I009,PA-WAT-009,Hamza Yousaf Sheikh,CNIC ****68-9,WASA/514062166/2026-07,Water & Sewerage Bill - Domestic - 2026-07,PKR,289000,0,0,289000,0,289000,2026-06-30,2026-07-30,,ISSUED,AGENCY_API,1,"{""crn"": ""514062166"", ""billing_period"": ""2026-07""}",OLDEST_FIRST
AS-00113,5101150000246,,WASA,WASA-WATER-DOM,PY-I010,PA-WAT-010,Maryam Nawaz Cheema,CNIC ****39-1,WASA/514069930/2026-07,Water & Sewerage Bill - Domestic - 2026-07,PKR,303000,0,0,303000,0,303000,2026-06-30,2026-07-30,,ISSUED,AGENCY_API,1,"{""crn"": ""514069930"", ""billing_period"": ""2026-07""}",OLDEST_FIRST
AS-00114,5101150000251,,WASA,WASA-WATER-DOM,PY-I011,PA-WAT-011,Imran Shah Bukhari,CNIC ****10-2,WASA/514077700/2026-07,Water & Sewerage Bill - Domestic - 2026-07,PKR,317000,0,0,317000,0,317000,2026-06-30,2026-07-30,,ISSUED,AGENCY_API,1,"{""crn"": ""514077700"", ""billing_period"": ""2026-07""}",OLDEST_FIRST
AS-00115,5101150000267,,WASA,WASA-WATER-DOM,PY-I012,PA-WAT-012,Nadia Parveen,CNIC ****81-3,WASA/514085470/2026-07,Water & Sewerage Bill - Domestic - 2026-07,PKR,331000,0,0,331000,0,331000,2026-06-30,2026-07-30,,ISSUED,AGENCY_API,1,"{""crn"": ""514085470"", ""billing_period"": ""2026-07""}",OLDEST_FIRST
AS-00116,88000000000013,,NADRA,NADRA-CNIC-FEE,PY-I001,,Muhammad Ahmed Khan,CNIC ****00-1,PP-2026-8891200,CNIC Issuance / Renewal Fee - 2026-07,PKR,150000,0,0,150000,0,150000,2026-07-29,2026-08-05,2026-08-06,ISSUED,AGENCY_API,1,"{""application_no"": ""NAD-2026-8891200"", ""service"": ""CNIC Renewal""}",EXPLICIT_ONLY
AS-00117,88000000000021,,NADRA,NADRA-CNIC-FEE,PY-I002,,Fatima Zahra Siddiqui,CNIC ****71-2,PP-2026-8891201,CNIC Issuance / Renewal Fee - 2026-07,PKR,150000,0,0,150000,150000,0,2026-07-29,2026-08-05,2026-08-06,SETTLED,AGENCY_API,1,"{""application_no"": ""NAD-2026-8891201"", ""service"": ""CNIC Renewal""}",EXPLICIT_ONLY
AS-00118,88000000000039,,NADRA,NADRA-CNIC-FEE,PY-I003,,Ali Hassan Raza,CNIC ****42-3,PP-2026-8891202,CNIC Issuance / Renewal Fee - 2026-07,PKR,150000,0,0,150000,150000,0,2026-07-29,2026-08-05,2026-08-06,SETTLED,AGENCY_API,1,"{""application_no"": ""NAD-2026-8891202"", ""service"": ""CNIC Renewal""}",EXPLICIT_ONLY
AS-00119,88000000000047,,NADRA,NADRA-CNIC-FEE,PY-I004,,Ayesha Bibi,CNIC ****13-4,PP-2026-8891203,CNIC Issuance / Renewal Fee - 2026-07,PKR,150000,0,0,150000,150000,0,2026-07-29,2026-08-05,2026-08-06,SETTLED,AGENCY_API,1,"{""application_no"": ""NAD-2026-8891203"", ""service"": ""CNIC Renewal""}",EXPLICIT_ONLY
AS-00120,88000000000054,,NADRA,NADRA-CNIC-FEE,PY-I005,,Usman Ghani Butt,CNIC ****84-5,PP-2026-8891204,CNIC Issuance / Renewal Fee - 2026-07,PKR,150000,0,0,150000,150000,0,2026-07-29,2026-08-05,2026-08-06,SETTLED,AGENCY_API,1,"{""application_no"": ""NAD-2026-8891204"", ""service"": ""CNIC Renewal""}",EXPLICIT_ONLY
AS-00121,88000000000062,,NADRA,NADRA-CNIC-FEE,PY-I006,,Zainab Malik,CNIC ****55-6,PP-2026-8891205,CNIC Issuance / Renewal Fee - 2026-07,PKR,150000,0,0,150000,0,150000,2026-07-29,2026-08-05,2026-08-06,ISSUED,AGENCY_API,1,"{""application_no"": ""NAD-2026-8891205"", ""service"": ""CNIC Renewal""}",EXPLICIT_ONLY
AS-00122,88000000000070,,NADRA,NADRA-CNIC-FEE,PY-I007,,Bilal Ahmad Chaudhry,CNIC ****26-7,PP-2026-8891206,CNIC Issuance / Renewal Fee - 2026-07,PKR,150000,0,0,150000,150000,0,2026-07-29,2026-08-05,2026-08-06,SETTLED,AGENCY_API,1,"{""application_no"": ""NAD-2026-8891206"", ""service"": ""CNIC Renewal""}",EXPLICIT_ONLY
AS-00123,88000000000088,,NADRA,NADRA-CNIC-FEE,PY-I008,,Sana Tariq,CNIC ****97-8,PP-2026-8891207,CNIC Issuance / Renewal Fee - 2026-07,PKR,150000,0,0,150000,150000,0,2026-07-29,2026-08-05,2026-08-06,SETTLED,AGENCY_API,1,"{""application_no"": ""NAD-2026-8891207"", ""service"": ""CNIC Renewal""}",EXPLICIT_ONLY
AS-00124,88000000000096,,NADRA,NADRA-CNIC-FEE,PY-I009,,Hamza Yousaf Sheikh,CNIC ****68-9,PP-2026-8891208,CNIC Issuance / Renewal Fee - 2026-07,PKR,150000,0,0,150000,150000,0,2026-07-29,2026-08-05,2026-08-06,SETTLED,AGENCY_API,1,"{""application_no"": ""NAD-2026-8891208"", ""service"": ""CNIC Renewal""}",EXPLICIT_ONLY
AS-00125,88000000000104,,NADRA,NADRA-CNIC-FEE,PY-I010,,Maryam Nawaz Cheema,CNIC ****39-1,PP-2026-8891209,CNIC Issuance / Renewal Fee - 2026-07,PKR,150000,0,0,150000,150000,0,2026-07-29,2026-08-05,2026-08-06,SETTLED,AGENCY_API,1,"{""application_no"": ""NAD-2026-8891209"", ""service"": ""CNIC Renewal""}",EXPLICIT_ONLY
AS-00126,71011800000183627,RF7971011800000183627,BOR,BOR-STAMP-DUTY,PY-I011,,Imran Shah Bukhari,CNIC ****10-2,ESTAMP-PB-2026-445000,Stamp Duty - Property Instrument - 2026-07,PKR,15400000,0,0,15400000,15400000,0,2026-07-29,2026-08-03,2026-08-29,SETTLED,AGENCY_API,1,"{""instrument_no"": ""INS-2026-445000"", ""property"": ""Plot 50, DHA Phase 5, Lahore""}",EXPLICIT_ONLY
AS-00127,71011800000214127,RF1271011800000214127,BOR,BOR-STAMP-DUTY,PY-I012,,Nadia Parveen,CNIC ****81-3,ESTAMP-PB-2026-445001,Stamp Duty - Property Instrument - 2026-07,PKR,18480000,0,0,18480000,18480000,0,2026-07-29,2026-08-03,2026-08-29,SETTLED,AGENCY_API,1,"{""instrument_no"": ""INS-2026-445001"", ""property"": ""Plot 51, DHA Phase 5, Lahore""}",EXPLICIT_ONLY
AS-00128,71011800000315665,RF9471011800000315665,BOR,BOR-STAMP-DUTY,PY-I013,,Kamran Akmal Dar,CNIC ****52-4,ESTAMP-PB-2026-445002,Stamp Duty - Property Instrument - 2026-07,PKR,21560000,0,0,21560000,21560000,0,2026-07-29,2026-08-03,2026-08-29,SETTLED,AGENCY_API,1,"{""instrument_no"": ""INS-2026-445002"", ""property"": ""Plot 52, DHA Phase 5, Lahore""}",EXPLICIT_ONLY
AS-00129,71011800000407636,RF7771011800000407636,BOR,BOR-STAMP-DUTY,PY-I014,,Rabia Sultana,CNIC ****23-5,ESTAMP-PB-2026-445003,Stamp Duty - Property Instrument - 2026-07,PKR,24640000,0,0,24640000,24640000,0,2026-07-29,2026-08-03,2026-08-29,SETTLED,AGENCY_API,1,"{""instrument_no"": ""INS-2026-445003"", ""property"": ""Plot 53, DHA Phase 5, Lahore""}",EXPLICIT_ONLY
AS-00130,71011800000560110,RF5671011800000560110,BOR,BOR-STAMP-DUTY,PY-I015,,Farhan Javed Mughal,CNIC ****94-6,ESTAMP-PB-2026-445004,Stamp Duty - Property Instrument - 2026-07,PKR,27720000,0,0,27720000,0,27720000,2026-07-29,2026-08-03,2026-08-29,ISSUED,AGENCY_API,1,"{""instrument_no"": ""INS-2026-445004"", ""property"": ""Plot 54, DHA Phase 5, Lahore""}",EXPLICIT_ONLY
AS-00131,71011800000612043,RF9771011800000612043,BOR,BOR-STAMP-DUTY,PY-I016,,Hina Rashid,CNIC ****65-7,ESTAMP-PB-2026-445005,Stamp Duty - Property Instrument - 2026-07,PKR,30800000,0,0,30800000,30800000,0,2026-07-29,2026-08-03,2026-08-29,SETTLED,AGENCY_API,1,"{""instrument_no"": ""INS-2026-445005"", ""property"": ""Plot 55, DHA Phase 5, Lahore""}",EXPLICIT_ONLY
AS-00132,61011600000162876,RF8861011600000162876,LHC,LHC-COURT-FEE,PY-I017,,Tariq Mehmood Awan,CNIC ****36-8,CP-1123/2026,Court Fee - Civil Filing - 2026-07,PKR,1500000,0,0,1500000,0,1500000,2026-07-29,2026-08-02,2026-08-13,ISSUED,AGENCY_API,1,"{""case_no"": ""CP-1123/2026"", ""court"": ""Lahore High Court""}",EXPLICIT_ONLY
AS-00133,61011600000273146,RF1961011600000273146,LHC,LHC-COURT-FEE,PY-I018,,Saima Noor,CNIC ****07-9,CP-1124/2026,Court Fee - Civil Filing - 2026-07,PKR,2000000,0,0,2000000,2000000,0,2026-07-29,2026-08-02,2026-08-13,SETTLED,AGENCY_API,1,"{""case_no"": ""CP-1124/2026"", ""court"": ""Lahore High Court""}",EXPLICIT_ONLY
AS-00134,61011600000363682,RF4461011600000363682,LHC,LHC-COURT-FEE,PY-I019,,Adnan Sami Qureshi,CNIC ****78-1,CP-1125/2026,Court Fee - Civil Filing - 2026-07,PKR,2500000,0,0,2500000,2500000,0,2026-07-29,2026-08-02,2026-08-13,SETTLED,AGENCY_API,1,"{""case_no"": ""CP-1125/2026"", ""court"": ""Lahore High Court""}",EXPLICIT_ONLY
AS-00135,61011600000424002,RF3461011600000424002,LHC,LHC-COURT-FEE,PY-I020,,Kiran Shahzadi,CNIC ****49-2,CP-1126/2026,Court Fee - Civil Filing - 2026-07,PKR,3000000,0,0,3000000,3000000,0,2026-07-29,2026-08-02,2026-08-13,SETTLED,AGENCY_API,1,"{""case_no"": ""CP-1126/2026"", ""court"": ""Lahore High Court""}",EXPLICIT_ONLY
AS-00136,61011600000555795,RF6861011600000555795,LHC,LHC-COURT-FEE,PY-I021,,Waqar Younis Gill,CNIC ****20-3,CP-1127/2026,Court Fee - Civil Filing - 2026-07,PKR,3500000,0,0,3500000,3500000,0,2026-07-29,2026-08-02,2026-08-13,SETTLED,AGENCY_API,1,"{""case_no"": ""CP-1127/2026"", ""court"": ""Lahore High Court""}",EXPLICIT_ONLY
AS-00137,71011900000767480,RF6271011900000767480,BOR,BOR-TENDER-DEP,PY-C011,,Descon Fabrication (Pvt) Ltd,NTN ****70-2,TENDER/BOR/2026/77,Tender / Earnest Money Deposit - 2026-07,PKR,50000000,0,0,50000000,50000000,0,2026-07-27,2026-08-01,2026-08-09,SETTLED,AGENCY_API,1,"{""tender_ref"": ""BOR-T-2026-77"", ""refundable"": true}",EXPLICIT_ONLY
AS-00138,71011900000819928,RF6971011900000819928,BOR,BOR-TENDER-DEP,PY-C012,,Shalimar Pharma (Pvt) Ltd,NTN ****07-3,TENDER/BOR/2026/78,Tender / Earnest Money Deposit - 2026-07,PKR,75000000,0,0,75000000,75000000,0,2026-07-27,2026-08-01,2026-08-09,SETTLED,AGENCY_API,1,"{""tender_ref"": ""BOR-T-2026-78"", ""refundable"": true}",EXPLICIT_ONLY
AS-00139,71011900000974986,RF2371011900000974986,BOR,BOR-TENDER-DEP,PY-C013,,Zenith Clearing Agents (Pvt) Ltd,NTN ****44-4,TENDER/BOR/2026/79,Tender / Earnest Money Deposit - 2026-07,PKR,100000000,0,0,100000000,100000000,0,2026-07-27,2026-08-01,2026-08-09,SETTLED,AGENCY_API,1,"{""tender_ref"": ""BOR-T-2026-79"", ""refundable"": true}",EXPLICIT_ONLY
AS-00140,61011700000664618,RF3661011700000664618,LHC,LHC-SEC-DEPOSIT,PY-I022,,Amna Batool,CNIC ****91-4,CP-1199/2026-SEC,Security Deposit - Litigation - 2026-07,PKR,25000000,0,0,25000000,25000000,0,2026-07-28,2026-08-04,2026-08-19,SETTLED,AGENCY_API,1,"{""case_no"": ""CP-1199/2026"", ""refundable"": true}",EXPLICIT_ONLY
AS-00141,31011100001646298,RF3531011100001646298,ETPB,ETPB-PROF-TAX,PY-C006,,Meridian Foods (Pvt) Ltd,NTN ****85-6,PROF/2026/2200,Professional Tax - Businesses - 2026-27,PKR,1240000,40000,0,1240000,0,1240000,2026-06-10,2026-07-10,,OVERDUE,AGENCY_API,1,{},OLDEST_FIRST
AS-00142,31011100001733224,RF4531011100001733224,ETPB,ETPB-PROF-TAX,PY-C007,,Sapphire Chemicals Ltd,NTN ****22-7,PROF/2026/2201,Professional Tax - Businesses - 2026-27,PKR,1550000,50000,0,1550000,1550000,0,2026-06-10,2026-07-10,,SETTLED,AGENCY_API,1,{},OLDEST_FIRST
AS-00143,31011100001852604,RF9531011100001852604,ETPB,ETPB-PROF-TAX,PY-C008,,Northern Cement Company Ltd,NTN ****59-8,PROF/2026/2202,Professional Tax - Businesses - 2026-27,PKR,1860000,60000,0,1860000,1860000,0,2026-06-10,2026-07-10,,SETTLED,AGENCY_API,1,{},OLDEST_FIRST
AS-00144,31011100001939024,RF9031011100001939024,ETPB,ETPB-PROF-TAX,PY-C009,,Gulberg Software House (Pvt) Ltd,NTN ****96-9,PROF/2026/2203,Professional Tax - Businesses - 2026-27,PKR,2170000,70000,0,2170000,2170000,0,2026-06-10,2026-07-10,,SETTLED,AGENCY_API,1,{},OLDEST_FIRST
AS-00145,31011100002088592,RF5831011100002088592,ETPB,ETPB-PROF-TAX,PY-C010,,Pak Agro Processing Ltd,NTN ****33-1,PROF/2026/2204,Professional Tax - Businesses - 2026-27,PKR,2480000,80000,0,2480000,2480000,0,2026-06-10,2026-07-10,,SETTLED,AGENCY_API,1,{},OLDEST_FIRST
AS-00146,31011100002132201,RF9831011100002132201,ETPB,ETPB-PROF-TAX,PY-C011,,Descon Fabrication (Pvt) Ltd,NTN ****70-2,PROF/2026/2205,Professional Tax - Businesses - 2026-27,PKR,2790000,90000,0,2790000,2790000,0,2026-06-10,2026-07-10,,SETTLED,AGENCY_API,1,{},OLDEST_FIRST
AS-00147,31011200002288756,RF4431011200002288756,ETPB,ETPB-PROP-TAX,PY-I001,,Muhammad Ahmed Khan,CNIC ****00-1,PT/LHR/2026/6600,Property Tax - Urban Immovable - 2026-27,PKR,2310000,110000,0,2310000,2310000,0,2026-04-01,2026-05-31,,SETTLED,AGENCY_API,1,"{""property_id"": ""MT-1200""}",OLDEST_FIRST
AS-00148,31011200002317567,RF8731011200002317567,ETPB,ETPB-PROP-TAX,PY-I002,,Fatima Zahra Siddiqui,CNIC ****71-2,PT/LHR/2026/6601,Property Tax - Urban Immovable - 2026-27,PKR,2890000,140000,0,2890000,2890000,0,2026-04-01,2026-05-31,,SETTLED,AGENCY_API,1,"{""property_id"": ""MT-1201""}",OLDEST_FIRST
AS-00149,31011200002443136,RF6831011200002443136,ETPB,ETPB-PROP-TAX,PY-I003,,Ali Hassan Raza,CNIC ****42-3,PT/LHR/2026/6602,Property Tax - Urban Immovable - 2026-27,PKR,3470000,170000,0,3470000,3470000,0,2026-04-01,2026-05-31,,SETTLED,AGENCY_API,1,"{""property_id"": ""MT-1202""}",OLDEST_FIRST
AS-00150,31011200002580103,RF8431011200002580103,ETPB,ETPB-PROP-TAX,PY-I004,,Ayesha Bibi,CNIC ****13-4,PT/LHR/2026/6603,Property Tax - Urban Immovable - 2026-27,PKR,4050000,200000,0,4050000,4050000,0,2026-04-01,2026-05-31,,SETTLED,AGENCY_API,1,"{""property_id"": ""MT-1203""}",OLDEST_FIRST
AS-00151,31011200002605610,RF9531011200002605610,ETPB,ETPB-PROP-TAX,PY-I005,,Usman Ghani Butt,CNIC ****84-5,PT/LHR/2026/6604,Property Tax - Urban Immovable - 2026-27,PKR,4630000,230000,0,4630000,4630000,0,2026-04-01,2026-05-31,,SETTLED,AGENCY_API,1,"{""property_id"": ""MT-1204""}",OLDEST_FIRST
AS-00152,31011200002759402,RF8731011200002759402,ETPB,ETPB-PROP-TAX,PY-I006,,Zainab Malik,CNIC ****55-6,PT/LHR/2026/6605,Property Tax - Urban Immovable - 2026-27,PKR,5210000,260000,0,5210000,5210000,0,2026-04-01,2026-05-31,,SETTLED,AGENCY_API,1,"{""property_id"": ""MT-1205""}",OLDEST_FIRST
AS-00153,12010200004459589,RF8512010200004459589,FBR,FBR-IT-IND,PY-I006,,Zainab Malik,CNIC ****55-6,DEMAND/IT/IND/2026/5500,Income Tax - Individuals & AOPs - 2025-26,PKR,8590000,90000,0,8590000,0,8590000,2026-06-20,2026-07-20,,OVERDUE,AGENCY_API,1,"{""tax_year"": ""2025-26""}",PRINCIPAL_FIRST
AS-00154,12010200004500703,RF7512010200004500703,FBR,FBR-IT-IND,PY-I007,,Bilal Ahmad Chaudhry,CNIC ****26-7,DEMAND/IT/IND/2026/5501,Income Tax - Individuals & AOPs - 2025-26,PKR,10312000,112000,0,10312000,10312000,0,2026-06-20,2026-07-20,,SETTLED,AGENCY_API,1,"{""tax_year"": ""2025-26""}",PRINCIPAL_FIRST
AS-00155,12010200004676828,RF2812010200004676828,FBR,FBR-IT-IND,PY-I008,,Sana Tariq,CNIC ****97-8,DEMAND/IT/IND/2026/5502,Income Tax - Individuals & AOPs - 2025-26,PKR,12034000,134000,0,12034000,12034000,0,2026-06-20,2026-07-20,,SETTLED,AGENCY_API,1,"{""tax_year"": ""2025-26""}",PRINCIPAL_FIRST
AS-00156,12010200004775239,RF5212010200004775239,FBR,FBR-IT-IND,PY-I009,,Hamza Yousaf Sheikh,CNIC ****68-9,DEMAND/IT/IND/2026/5503,Income Tax - Individuals & AOPs - 2025-26,PKR,13756000,156000,0,13756000,13756000,0,2026-06-20,2026-07-20,,SETTLED,AGENCY_API,1,"{""tax_year"": ""2025-26""}",PRINCIPAL_FIRST
AS-00157,12010200004893001,RF4112010200004893001,FBR,FBR-IT-IND,PY-I010,,Maryam Nawaz Cheema,CNIC ****39-1,DEMAND/IT/IND/2026/5504,Income Tax - Individuals & AOPs - 2025-26,PKR,15478000,178000,0,15478000,15478000,0,2026-06-20,2026-07-20,,SETTLED,AGENCY_API,1,"{""tax_year"": ""2025-26""}",PRINCIPAL_FIRST
AS-00158,12010200004912562,RF5912010200004912562,FBR,FBR-IT-IND,PY-I011,,Imran Shah Bukhari,CNIC ****10-2,DEMAND/IT/IND/2026/5505,Income Tax - Individuals & AOPs - 2025-26,PKR,17200000,200000,0,17200000,17200000,0,2026-06-20,2026-07-20,,SETTLED,AGENCY_API,1,"{""tax_year"": ""2025-26""}",PRINCIPAL_FIRST
AS-00159,12010200005030616,RF2112010200005030616,FBR,FBR-IT-IND,PY-I012,,Nadia Parveen,CNIC ****81-3,DEMAND/IT/IND/2026/5506,Income Tax - Individuals & AOPs - 2025-26,PKR,18922000,222000,0,18922000,18922000,0,2026-06-20,2026-07-20,,SETTLED,AGENCY_API,1,"{""tax_year"": ""2025-26""}",PRINCIPAL_FIRST
AS-00160,31011000002865112,RF2431011000002865112,ETPB,ETPB-REG-NEW,PY-I013,,Kamran Akmal Dar,CNIC ****52-4,REG/NEW/2026/3300,Motor Vehicle Registration - New - 2026-07,PKR,7800000,0,0,7800000,7800000,0,2026-07-30,2026-08-04,2026-08-14,SETTLED,AGENCY_API,1,"{""chassis_no"": ""NZE121045000""}",EXPLICIT_ONLY
AS-00161,31011000002940952,RF1431011000002940952,ETPB,ETPB-REG-NEW,PY-I014,,Rabia Sultana,CNIC ****23-5,REG/NEW/2026/3301,Motor Vehicle Registration - New - 2026-07,PKR,9000000,0,0,9000000,0,9000000,2026-07-30,2026-08-04,2026-08-14,ISSUED,AGENCY_API,1,"{""chassis_no"": ""NZE121045001""}",EXPLICIT_ONLY
AS-00162,31011000003057134,RF8031011000003057134,ETPB,ETPB-REG-NEW,PY-I015,,Farhan Javed Mughal,CNIC ****94-6,REG/NEW/2026/3302,Motor Vehicle Registration - New - 2026-07,PKR,10200000,0,0,10200000,10200000,0,2026-07-30,2026-08-04,2026-08-14,SETTLED,AGENCY_API,1,"{""chassis_no"": ""NZE121045002""}",EXPLICIT_ONLY
AS-00163,31011000003167555,RF0831011000003167555,ETPB,ETPB-REG-NEW,PY-I016,,Hina Rashid,CNIC ****65-7,REG/NEW/2026/3303,Motor Vehicle Registration - New - 2026-07,PKR,11400000,0,0,11400000,11400000,0,2026-07-30,2026-08-04,2026-08-14,SETTLED,AGENCY_API,1,"{""chassis_no"": ""NZE121045003""}",EXPLICIT_ONLY
AS-00164,12010600005120245,RF3612010600005120245,FBR,FBR-DISHON-CHG,PY-C001,,Ahmed Traders (Pvt) Ltd,NTN ****00-1,DISHON/004822,Dishonoured Instrument Charge - 2026-07,PKR,50000,0,0,50000,0,50000,2026-07-30,2026-08-13,2026-08-29,ISSUED,AGENCY_API,1,"{""instrument_id"": ""IN-0004"", ""return_reason"": ""INSUFFICIENT_FUNDS"", ""original_amount_minor"": 64411200}",EXPLICIT_ONLY
