agency_code,name,tier,jurisdiction,settlement_model,treasury_account_iban,treasury_bank_bic,default_cutoff_time,timezone,fiscal_year_start_month,status
FBR,Federal Board of Revenue,FEDERAL,PK,HYBRID,PK36NBPA0000001234567890,NBPAPKKA,18:00,Asia/Karachi,7,ACTIVE
PRA,Punjab Revenue Authority,PROVINCIAL,PK-PB,COLLECTOR_OF_RECORD,PK22NBPA0000002234567890,NBPAPKKA,18:00,Asia/Karachi,7,ACTIVE
SRB,Sindh Revenue Board,PROVINCIAL,PK-SD,PASS_THROUGH,PK41NBPA0000003234567890,NBPAPKKA,17:00,Asia/Karachi,7,ACTIVE
ETPB,"Excise, Taxation & Narcotics Control, Punjab",PROVINCIAL,PK-PB,HYBRID,PK75NBPA0000004234567890,NBPAPKKA,18:00,Asia/Karachi,7,ACTIVE
PSCA,Punjab Safe Cities Authority,AUTONOMOUS_BODY,PK-PB,COLLECTOR_OF_RECORD,PK09NBPA0000005234567890,NBPAPKKA,20:00,Asia/Karachi,7,ACTIVE
WASA,"Water & Sanitation Agency, Lahore",LOCAL,PK-LHR,COLLECTOR_OF_RECORD,PK53NBPA0000006234567890,NBPAPKKA,18:00,Asia/Karachi,7,ACTIVE
LHC,Lahore High Court,JUDICIAL,PK-PB,PASS_THROUGH,PK88NBPA0000007234567890,NBPAPKKA,15:00,Asia/Karachi,7,ACTIVE
BOR,"Board of Revenue, Punjab (e-Stamp)",PROVINCIAL,PK-PB,HYBRID,PK17NBPA0000008234567890,NBPAPKKA,16:00,Asia/Karachi,7,ACTIVE
NADRA,National Database & Registration Authority,FEDERAL,PK,PASS_THROUGH,PK64NBPA0000009234567890,NBPAPKKA,18:00,Asia/Karachi,7,ACTIVE
