line_item_id,assessment_id,seq,line_type,revenue_head_code,revenue_head_id,tax_period,description,amount_minor,allocated_minor,allocation_priority
LI-000001,AS-00001,1,PRINCIPAL,B01101,RH-FBR-B01101,2025-26,Principal - Income Tax - Companies (Advance/Demand),35000000,35000000,50
LI-000002,AS-00001,2,SURCHARGE,B02388,RH-FBR-B02388,2025-26,Surcharge - Income Tax - Companies (Advance/Demand),490000,490000,30
LI-000003,AS-00001,3,PENALTY,B02391,RH-FBR-B02391,2025-26,Penalty - Income Tax - Companies (Advance/Demand),500000,500000,20
LI-000004,AS-00002,1,PRINCIPAL,B01101,RH-FBR-B01101,2025-26,Principal - Income Tax - Companies (Advance/Demand),39750000,39750000,50
LI-000005,AS-00002,2,SURCHARGE,B02388,RH-FBR-B02388,2025-26,Surcharge - Income Tax - Companies (Advance/Demand),556500,556500,30
LI-000006,AS-00003,1,PRINCIPAL,B01101,RH-FBR-B01101,2025-26,Principal - Income Tax - Companies (Advance/Demand),44500000,44500000,50
LI-000007,AS-00003,2,SURCHARGE,B02388,RH-FBR-B02388,2025-26,Surcharge - Income Tax - Companies (Advance/Demand),623000,623000,30
LI-000008,AS-00004,1,PRINCIPAL,B01101,RH-FBR-B01101,2025-26,Principal - Income Tax - Companies (Advance/Demand),49250000,18896300,50
LI-000009,AS-00004,2,SURCHARGE,B02388,RH-FBR-B02388,2025-26,Surcharge - Income Tax - Companies (Advance/Demand),689500,689500,30
LI-000010,AS-00004,3,PENALTY,B02391,RH-FBR-B02391,2025-26,Penalty - Income Tax - Companies (Advance/Demand),650000,650000,20
LI-000011,AS-00005,1,PRINCIPAL,B01101,RH-FBR-B01101,2025-26,Principal - Income Tax - Companies (Advance/Demand),54000000,26622000,50
LI-000012,AS-00005,2,SURCHARGE,B02388,RH-FBR-B02388,2025-26,Surcharge - Income Tax - Companies (Advance/Demand),756000,756000,30
LI-000013,AS-00006,1,PRINCIPAL,B01101,RH-FBR-B01101,2025-26,Principal - Income Tax - Companies (Advance/Demand),58750000,34921000,50
LI-000014,AS-00006,2,SURCHARGE,B02388,RH-FBR-B02388,2025-26,Surcharge - Income Tax - Companies (Advance/Demand),822500,822500,30
LI-000015,AS-00007,1,PRINCIPAL,B01101,RH-FBR-B01101,2025-26,Principal - Income Tax - Companies (Advance/Demand),63500000,43943300,50
LI-000016,AS-00007,2,SURCHARGE,B02388,RH-FBR-B02388,2025-26,Surcharge - Income Tax - Companies (Advance/Demand),889000,889000,30
LI-000017,AS-00007,3,PENALTY,B02391,RH-FBR-B02391,2025-26,Penalty - Income Tax - Companies (Advance/Demand),800000,800000,20
LI-000018,AS-00008,1,PRINCIPAL,B01101,RH-FBR-B01101,2025-26,Principal - Income Tax - Companies (Advance/Demand),68250000,26726700,50
LI-000019,AS-00008,2,SURCHARGE,B02388,RH-FBR-B02388,2025-26,Surcharge - Income Tax - Companies (Advance/Demand),955500,955500,30
LI-000020,AS-00009,1,PRINCIPAL,B01101,RH-FBR-B01101,2025-26,Principal - Income Tax - Companies (Advance/Demand),73000000,35989000,50
LI-000021,AS-00009,2,SURCHARGE,B02388,RH-FBR-B02388,2025-26,Surcharge - Income Tax - Companies (Advance/Demand),1022000,1022000,30
LI-000022,AS-00010,1,PRINCIPAL,B01101,RH-FBR-B01101,2025-26,Principal - Income Tax - Companies (Advance/Demand),77750000,77750000,50
LI-000023,AS-00010,2,SURCHARGE,B02388,RH-FBR-B02388,2025-26,Surcharge - Income Tax - Companies (Advance/Demand),1088500,1088500,30
LI-000024,AS-00010,3,PENALTY,B02391,RH-FBR-B02391,2025-26,Penalty - Income Tax - Companies (Advance/Demand),950000,950000,20
LI-000025,AS-00011,1,PRINCIPAL,B01101,RH-FBR-B01101,2025-26,Principal - Income Tax - Companies (Advance/Demand),82500000,82500000,50
LI-000026,AS-00011,2,SURCHARGE,B02388,RH-FBR-B02388,2025-26,Surcharge - Income Tax - Companies (Advance/Demand),1155000,1155000,30
LI-000027,AS-00012,1,PRINCIPAL,B01101,RH-FBR-B01101,2025-26,Principal - Income Tax - Companies (Advance/Demand),87250000,87250000,50
LI-000028,AS-00012,2,SURCHARGE,B02388,RH-FBR-B02388,2025-26,Surcharge - Income Tax - Companies (Advance/Demand),1221500,1221500,30
LI-000029,AS-00013,1,PRINCIPAL,B01101,RH-FBR-B01101,2025-26,Principal - Income Tax - Companies (Advance/Demand),92000000,92000000,50
LI-000030,AS-00013,2,SURCHARGE,B02388,RH-FBR-B02388,2025-26,Surcharge - Income Tax - Companies (Advance/Demand),1288000,1288000,30
LI-000031,AS-00013,3,PENALTY,B02391,RH-FBR-B02391,2025-26,Penalty - Income Tax - Companies (Advance/Demand),1100000,1100000,20
LI-000032,AS-00014,1,PRINCIPAL,B01101,RH-FBR-B01101,2025-26,Principal - Income Tax - Companies (Advance/Demand),96750000,96750000,50
LI-000033,AS-00014,2,SURCHARGE,B02388,RH-FBR-B02388,2025-26,Surcharge - Income Tax - Companies (Advance/Demand),1354500,1354500,30
LI-000034,AS-00015,1,PRINCIPAL,B01101,RH-FBR-B01101,2025-26,Principal - Income Tax - Companies (Advance/Demand),101500000,101500000,50
LI-000035,AS-00015,2,SURCHARGE,B02388,RH-FBR-B02388,2025-26,Surcharge - Income Tax - Companies (Advance/Demand),1421000,1421000,30
LI-000036,AS-00016,1,PRINCIPAL,B02341,RH-FBR-B02341,2026-06,Principal - Sales Tax on Goods - Monthly Return,18000000,0,50
LI-000037,AS-00016,2,SURCHARGE,B02389,RH-FBR-B02389,2026-06,Surcharge - Sales Tax on Goods - Monthly Return,144000,0,30
LI-000038,AS-00017,1,PRINCIPAL,B02341,RH-FBR-B02341,2026-06,Principal - Sales Tax on Goods - Monthly Return,21300000,0,50
LI-000039,AS-00017,2,SURCHARGE,B02389,RH-FBR-B02389,2026-06,Surcharge - Sales Tax on Goods - Monthly Return,170400,0,30
LI-000040,AS-00018,1,PRINCIPAL,B02341,RH-FBR-B02341,2026-06,Principal - Sales Tax on Goods - Monthly Return,24600000,0,50
LI-000041,AS-00018,2,SURCHARGE,B02389,RH-FBR-B02389,2026-06,Surcharge - Sales Tax on Goods - Monthly Return,196800,0,30
LI-000042,AS-00019,1,PRINCIPAL,B02341,RH-FBR-B02341,2026-06,Principal - Sales Tax on Goods - Monthly Return,27900000,27900000,50
LI-000043,AS-00019,2,SURCHARGE,B02389,RH-FBR-B02389,2026-06,Surcharge - Sales Tax on Goods - Monthly Return,223200,223200,30
LI-000044,AS-00020,1,PRINCIPAL,B02341,RH-FBR-B02341,2026-06,Principal - Sales Tax on Goods - Monthly Return,31200000,31200000,50
LI-000045,AS-00020,2,SURCHARGE,B02389,RH-FBR-B02389,2026-06,Surcharge - Sales Tax on Goods - Monthly Return,249600,249600,30
LI-000046,AS-00021,1,PRINCIPAL,B02341,RH-FBR-B02341,2026-06,Principal - Sales Tax on Goods - Monthly Return,34500000,34500000,50
LI-000047,AS-00021,2,SURCHARGE,B02389,RH-FBR-B02389,2026-06,Surcharge - Sales Tax on Goods - Monthly Return,276000,276000,30
LI-000048,AS-00022,1,PRINCIPAL,B02341,RH-FBR-B02341,2026-06,Principal - Sales Tax on Goods - Monthly Return,37800000,37800000,50
LI-000049,AS-00022,2,SURCHARGE,B02389,RH-FBR-B02389,2026-06,Surcharge - Sales Tax on Goods - Monthly Return,302400,302400,30
LI-000050,AS-00023,1,PRINCIPAL,B02341,RH-FBR-B02341,2026-06,Principal - Sales Tax on Goods - Monthly Return,41100000,41100000,50
LI-000051,AS-00023,2,SURCHARGE,B02389,RH-FBR-B02389,2026-06,Surcharge - Sales Tax on Goods - Monthly Return,328800,328800,30
LI-000052,AS-00024,1,PRINCIPAL,B02341,RH-FBR-B02341,2026-06,Principal - Sales Tax on Goods - Monthly Return,44400000,44400000,50
LI-000053,AS-00024,2,SURCHARGE,B02389,RH-FBR-B02389,2026-06,Surcharge - Sales Tax on Goods - Monthly Return,355200,355200,30
LI-000054,AS-00025,1,PRINCIPAL,B02341,RH-FBR-B02341,2026-06,Principal - Sales Tax on Goods - Monthly Return,47700000,47700000,50
LI-000055,AS-00025,2,SURCHARGE,B02389,RH-FBR-B02389,2026-06,Surcharge - Sales Tax on Goods - Monthly Return,381600,381600,30
LI-000056,AS-00026,1,PRINCIPAL,P02100,RH-PRA-P02100,2026-06,Principal - Punjab Sales Tax on Services - Monthly,9500000,0,50
LI-000057,AS-00027,1,PRINCIPAL,P02100,RH-PRA-P02100,2026-06,Principal - Punjab Sales Tax on Services - Monthly,11600000,11600000,50
LI-000058,AS-00028,1,PRINCIPAL,P02100,RH-PRA-P02100,2026-06,Principal - Punjab Sales Tax on Services - Monthly,13700000,13700000,50
LI-000059,AS-00029,1,PRINCIPAL,P02100,RH-PRA-P02100,2026-06,Principal - Punjab Sales Tax on Services - Monthly,15800000,15800000,50
LI-000060,AS-00030,1,PRINCIPAL,P02100,RH-PRA-P02100,2026-06,Principal - Punjab Sales Tax on Services - Monthly,17900000,17900000,50
LI-000061,AS-00031,1,PRINCIPAL,P02100,RH-PRA-P02100,2026-06,Principal - Punjab Sales Tax on Services - Monthly,20000000,20000000,50
LI-000062,AS-00032,1,PRINCIPAL,P02100,RH-PRA-P02100,2026-06,Principal - Punjab Sales Tax on Services - Monthly,22100000,22100000,50
LI-000063,AS-00033,1,PRINCIPAL,P02100,RH-PRA-P02100,2026-06,Principal - Punjab Sales Tax on Services - Monthly,24200000,24200000,50
LI-000064,AS-00034,1,PRINCIPAL,S02100,RH-SRB-S02100,2026-06,Principal - Sindh Sales Tax on Services - Monthly,14000000,14000000,50
LI-000065,AS-00035,1,PRINCIPAL,S02100,RH-SRB-S02100,2026-06,Principal - Sindh Sales Tax on Services - Monthly,16600000,0,50
LI-000066,AS-00036,1,PRINCIPAL,S02100,RH-SRB-S02100,2026-06,Principal - Sindh Sales Tax on Services - Monthly,19200000,19200000,50
LI-000067,AS-00037,1,PRINCIPAL,S02100,RH-SRB-S02100,2026-06,Principal - Sindh Sales Tax on Services - Monthly,21800000,21800000,50
LI-000068,AS-00038,1,PRINCIPAL,S02100,RH-SRB-S02100,2026-06,Principal - Sindh Sales Tax on Services - Monthly,24400000,0,50
LI-000069,AS-00039,1,PRINCIPAL,B03110,RH-FBR-B03110,2026-07,Principal - Customs Duty & Taxes (PSW/GD),62000000,62000000,50
LI-000070,AS-00039,2,FEE,B03115,RH-FBR-B03115,2026-07,Fee - Customs Duty & Taxes (PSW/GD),1200000,1200000,10
LI-000071,AS-00040,1,PRINCIPAL,B03110,RH-FBR-B03110,2026-07,Principal - Customs Duty & Taxes (PSW/GD),70800000,70800000,50
LI-000072,AS-00040,2,FEE,B03115,RH-FBR-B03115,2026-07,Fee - Customs Duty & Taxes (PSW/GD),1290000,1290000,10
LI-000073,AS-00041,1,PRINCIPAL,B03110,RH-FBR-B03110,2026-07,Principal - Customs Duty & Taxes (PSW/GD),79600000,0,50
LI-000074,AS-00041,2,FEE,B03115,RH-FBR-B03115,2026-07,Fee - Customs Duty & Taxes (PSW/GD),1380000,0,10
LI-000075,AS-00042,1,PRINCIPAL,B03110,RH-FBR-B03110,2026-07,Principal - Customs Duty & Taxes (PSW/GD),88400000,88400000,50
LI-000076,AS-00042,2,FEE,B03115,RH-FBR-B03115,2026-07,Fee - Customs Duty & Taxes (PSW/GD),1470000,1470000,10
LI-000077,AS-00043,1,PRINCIPAL,B03110,RH-FBR-B03110,2026-07,Principal - Customs Duty & Taxes (PSW/GD),97200000,97200000,50
LI-000078,AS-00043,2,FEE,B03115,RH-FBR-B03115,2026-07,Fee - Customs Duty & Taxes (PSW/GD),1560000,1560000,10
LI-000079,AS-00044,1,PRINCIPAL,B03110,RH-FBR-B03110,2026-07,Principal - Customs Duty & Taxes (PSW/GD),106000000,106000000,50
LI-000080,AS-00044,2,FEE,B03115,RH-FBR-B03115,2026-07,Fee - Customs Duty & Taxes (PSW/GD),1650000,1650000,10
LI-000081,AS-00045,1,PRINCIPAL,B01110,RH-FBR-B01110,2026-07,Principal - Withholding Tax - Contracts s.153,1800000,1800000,50
LI-000082,AS-00046,1,PRINCIPAL,B01110,RH-FBR-B01110,2026-07,Principal - Withholding Tax - Contracts s.153,2035000,2035000,50
LI-000083,AS-00047,1,PRINCIPAL,B01110,RH-FBR-B01110,2026-07,Principal - Withholding Tax - Contracts s.153,2270000,2270000,50
LI-000084,AS-00048,1,PRINCIPAL,B01110,RH-FBR-B01110,2026-07,Principal - Withholding Tax - Contracts s.153,2505000,2505000,50
LI-000085,AS-00049,1,PRINCIPAL,B01110,RH-FBR-B01110,2026-07,Principal - Withholding Tax - Contracts s.153,2740000,2740000,50
LI-000086,AS-00050,1,PRINCIPAL,B01110,RH-FBR-B01110,2026-07,Principal - Withholding Tax - Contracts s.153,2975000,2975000,50
LI-000087,AS-00051,1,PRINCIPAL,B01110,RH-FBR-B01110,2026-07,Principal - Withholding Tax - Contracts s.153,3210000,3210000,50
LI-000088,AS-00052,1,PRINCIPAL,B01110,RH-FBR-B01110,2026-07,Principal - Withholding Tax - Contracts s.153,3445000,3445000,50
LI-000089,AS-00053,1,PRINCIPAL,B01110,RH-FBR-B01110,2026-07,Principal - Withholding Tax - Contracts s.153,3680000,3680000,50
LI-000090,AS-00054,1,PRINCIPAL,B01110,RH-FBR-B01110,2026-07,Principal - Withholding Tax - Contracts s.153,3915000,3915000,50
LI-000091,AS-00055,1,PRINCIPAL,B01110,RH-FBR-B01110,2026-07,Principal - Withholding Tax - Contracts s.153,4150000,4150000,50
LI-000092,AS-00056,1,PRINCIPAL,B01110,RH-FBR-B01110,2026-07,Principal - Withholding Tax - Contracts s.153,4385000,4385000,50
LI-000093,AS-00057,1,PRINCIPAL,E04210,RH-ETPB-E04210,2026-27,Principal - Motor Vehicle Token Tax - Private Car,1000000,0,50
LI-000094,AS-00058,1,PRINCIPAL,E04210,RH-ETPB-E04210,2026-27,Principal - Motor Vehicle Token Tax - Private Car,1250000,1250000,50
LI-000095,AS-00058,2,SURCHARGE,E04288,RH-ETPB-E04288,2026-27,Surcharge - Motor Vehicle Token Tax - Private Car,75000,75000,30
LI-000096,AS-00059,1,PRINCIPAL,E04210,RH-ETPB-E04210,2026-27,Principal - Motor Vehicle Token Tax - Private Car,1500000,0,50
LI-000097,AS-00059,2,SURCHARGE,E04288,RH-ETPB-E04288,2026-27,Surcharge - Motor Vehicle Token Tax - Private Car,150000,0,30
LI-000098,AS-00060,1,PRINCIPAL,E04210,RH-ETPB-E04210,2026-27,Principal - Motor Vehicle Token Tax - Private Car,1750000,0,50
LI-000099,AS-00061,1,PRINCIPAL,E04210,RH-ETPB-E04210,2026-27,Principal - Motor Vehicle Token Tax - Private Car,1000000,0,50
LI-000100,AS-00061,2,SURCHARGE,E04288,RH-ETPB-E04288,2026-27,Surcharge - Motor Vehicle Token Tax - Private Car,75000,0,30
LI-000101,AS-00062,1,PRINCIPAL,E04210,RH-ETPB-E04210,2026-27,Principal - Motor Vehicle Token Tax - Private Car,1250000,0,50
LI-000102,AS-00062,2,SURCHARGE,E04288,RH-ETPB-E04288,2026-27,Surcharge - Motor Vehicle Token Tax - Private Car,150000,0,30
LI-000103,AS-00063,1,PRINCIPAL,E04210,RH-ETPB-E04210,2026-27,Principal - Motor Vehicle Token Tax - Private Car,1500000,0,50
LI-000104,AS-00064,1,PRINCIPAL,E04210,RH-ETPB-E04210,2026-27,Principal - Motor Vehicle Token Tax - Private Car,1750000,0,50
LI-000105,AS-00064,2,SURCHARGE,E04288,RH-ETPB-E04288,2026-27,Surcharge - Motor Vehicle Token Tax - Private Car,75000,0,30
LI-000106,AS-00065,1,PRINCIPAL,E04210,RH-ETPB-E04210,2026-27,Principal - Motor Vehicle Token Tax - Private Car,1000000,1000000,50
LI-000107,AS-00065,2,SURCHARGE,E04288,RH-ETPB-E04288,2026-27,Surcharge - Motor Vehicle Token Tax - Private Car,150000,150000,30
LI-000108,AS-00066,1,PRINCIPAL,E04210,RH-ETPB-E04210,2026-27,Principal - Motor Vehicle Token Tax - Private Car,1250000,1250000,50
LI-000109,AS-00067,1,PRINCIPAL,E04210,RH-ETPB-E04210,2026-27,Principal - Motor Vehicle Token Tax - Private Car,1500000,1500000,50
LI-000110,AS-00067,2,SURCHARGE,E04288,RH-ETPB-E04288,2026-27,Surcharge - Motor Vehicle Token Tax - Private Car,75000,75000,30
LI-000111,AS-00068,1,PRINCIPAL,E04210,RH-ETPB-E04210,2026-27,Principal - Motor Vehicle Token Tax - Private Car,1750000,1750000,50
LI-000112,AS-00068,2,SURCHARGE,E04288,RH-ETPB-E04288,2026-27,Surcharge - Motor Vehicle Token Tax - Private Car,150000,150000,30
LI-000113,AS-00069,1,PRINCIPAL,E04210,RH-ETPB-E04210,2026-27,Principal - Motor Vehicle Token Tax - Private Car,1000000,1000000,50
LI-000114,AS-00070,1,PRINCIPAL,E04210,RH-ETPB-E04210,2026-27,Principal - Motor Vehicle Token Tax - Private Car,1250000,1250000,50
LI-000115,AS-00070,2,SURCHARGE,E04288,RH-ETPB-E04288,2026-27,Surcharge - Motor Vehicle Token Tax - Private Car,75000,75000,30
LI-000116,AS-00071,1,PRINCIPAL,E04210,RH-ETPB-E04210,2026-27,Principal - Motor Vehicle Token Tax - Private Car,1500000,0,50
LI-000117,AS-00071,2,SURCHARGE,E04288,RH-ETPB-E04288,2026-27,Surcharge - Motor Vehicle Token Tax - Private Car,150000,0,30
LI-000118,AS-00072,1,PRINCIPAL,C05110,RH-PSCA-C05110,2026-07,Principal - Traffic e-Challan - Moving Violation,500000,0,50
LI-000119,AS-00073,1,PRINCIPAL,C05115,RH-PSCA-C05115,2026-06,Principal - Traffic e-Challan - Parking,200000,0,50
LI-000120,AS-00073,2,PENALTY,C05191,RH-PSCA-C05191,2026-06,Penalty - Traffic e-Challan - Parking,100000,0,20
LI-000121,AS-00074,1,PRINCIPAL,C05110,RH-PSCA-C05110,2026-07,Principal - Traffic e-Challan - Moving Violation,200000,200000,50
LI-000122,AS-00074,2,PENALTY,C05191,RH-PSCA-C05191,2026-07,Penalty - Traffic e-Challan - Moving Violation,100000,100000,20
LI-000123,AS-00075,1,PRINCIPAL,C05115,RH-PSCA-C05115,2026-07,Principal - Traffic e-Challan - Parking,350000,350000,50
LI-000124,AS-00076,1,PRINCIPAL,C05110,RH-PSCA-C05110,2026-07,Principal - Traffic e-Challan - Moving Violation,500000,500000,50
LI-000125,AS-00077,1,PRINCIPAL,C05115,RH-PSCA-C05115,2026-07,Principal - Traffic e-Challan - Parking,650000,650000,50
LI-000126,AS-00077,2,PENALTY,C05191,RH-PSCA-C05191,2026-07,Penalty - Traffic e-Challan - Parking,100000,100000,20
LI-000127,AS-00078,1,PRINCIPAL,C05110,RH-PSCA-C05110,2026-07,Principal - Traffic e-Challan - Moving Violation,200000,200000,50
LI-000128,AS-00079,1,PRINCIPAL,C05115,RH-PSCA-C05115,2026-07,Principal - Traffic e-Challan - Parking,350000,350000,50
LI-000129,AS-00080,1,PRINCIPAL,C05110,RH-PSCA-C05110,2026-07,Principal - Traffic e-Challan - Moving Violation,500000,500000,50
LI-000130,AS-00080,2,PENALTY,C05191,RH-PSCA-C05191,2026-07,Penalty - Traffic e-Challan - Moving Violation,100000,100000,20
LI-000131,AS-00081,1,PRINCIPAL,C05115,RH-PSCA-C05115,2026-07,Principal - Traffic e-Challan - Parking,650000,650000,50
LI-000132,AS-00082,1,PRINCIPAL,C05110,RH-PSCA-C05110,2026-07,Principal - Traffic e-Challan - Moving Violation,200000,200000,50
LI-000133,AS-00083,1,PRINCIPAL,C05115,RH-PSCA-C05115,2026-07,Principal - Traffic e-Challan - Parking,350000,350000,50
LI-000134,AS-00083,2,PENALTY,C05191,RH-PSCA-C05191,2026-07,Penalty - Traffic e-Challan - Parking,100000,100000,20
LI-000135,AS-00084,1,PRINCIPAL,C05110,RH-PSCA-C05110,2026-07,Principal - Traffic e-Challan - Moving Violation,500000,500000,50
LI-000136,AS-00085,1,PRINCIPAL,C05115,RH-PSCA-C05115,2026-07,Principal - Traffic e-Challan - Parking,650000,650000,50
LI-000137,AS-00086,1,PRINCIPAL,C05110,RH-PSCA-C05110,2026-07,Principal - Traffic e-Challan - Moving Violation,200000,200000,50
LI-000138,AS-00086,2,PENALTY,C05191,RH-PSCA-C05191,2026-07,Penalty - Traffic e-Challan - Moving Violation,100000,100000,20
LI-000139,AS-00087,1,PRINCIPAL,C05115,RH-PSCA-C05115,2026-01,Principal - Traffic e-Challan - Parking,150000,150000,50
LI-000140,AS-00088,1,PRINCIPAL,C05110,RH-PSCA-C05110,2026-06,Principal - Traffic e-Challan - Moving Violation,500000,500000,50
LI-000141,AS-00088,2,PENALTY,C05191,RH-PSCA-C05191,2026-06,Penalty - Traffic e-Challan - Moving Violation,100000,100000,20
LI-000142,AS-00089,1,PRINCIPAL,C05115,RH-PSCA-C05115,2026-07,Principal - Traffic e-Challan - Parking,200000,200000,50
LI-000143,AS-00090,1,PRINCIPAL,W06110,RH-WASA-W06110,2026-05,Principal - Water & Sewerage Bill - Domestic,145000,145000,50
LI-000144,AS-00090,2,SURCHARGE,W06188,RH-WASA-W06188,2026-05,Surcharge - Water & Sewerage Bill - Domestic,30000,30000,30
LI-000145,AS-00090,3,FEE,W06115,RH-WASA-W06115,2026-05,Fee - Water & Sewerage Bill - Domestic,32000,32000,10
LI-000146,AS-00091,1,PRINCIPAL,W06110,RH-WASA-W06110,2026-06,Principal - Water & Sewerage Bill - Domestic,145000,145000,50
LI-000147,AS-00091,2,SURCHARGE,W06188,RH-WASA-W06188,2026-06,Surcharge - Water & Sewerage Bill - Domestic,15000,15000,30
LI-000148,AS-00091,3,FEE,W06115,RH-WASA-W06115,2026-06,Fee - Water & Sewerage Bill - Domestic,32000,32000,10
LI-000149,AS-00092,1,PRINCIPAL,W06110,RH-WASA-W06110,2026-07,Principal - Water & Sewerage Bill - Domestic,145000,0,50
LI-000150,AS-00092,2,FEE,W06115,RH-WASA-W06115,2026-07,Fee - Water & Sewerage Bill - Domestic,32000,15700,10
LI-000151,AS-00093,1,PRINCIPAL,W06110,RH-WASA-W06110,2026-05,Principal - Water & Sewerage Bill - Domestic,157000,157000,50
LI-000152,AS-00093,2,SURCHARGE,W06188,RH-WASA-W06188,2026-05,Surcharge - Water & Sewerage Bill - Domestic,30000,30000,30
LI-000153,AS-00093,3,FEE,W06115,RH-WASA-W06115,2026-05,Fee - Water & Sewerage Bill - Domestic,34000,34000,10
LI-000154,AS-00094,1,PRINCIPAL,W06110,RH-WASA-W06110,2026-06,Principal - Water & Sewerage Bill - Domestic,157000,157000,50
LI-000155,AS-00094,2,SURCHARGE,W06188,RH-WASA-W06188,2026-06,Surcharge - Water & Sewerage Bill - Domestic,15000,15000,30
LI-000156,AS-00094,3,FEE,W06115,RH-WASA-W06115,2026-06,Fee - Water & Sewerage Bill - Domestic,34000,34000,10
LI-000157,AS-00095,1,PRINCIPAL,W06110,RH-WASA-W06110,2026-07,Principal - Water & Sewerage Bill - Domestic,157000,157000,50
LI-000158,AS-00095,2,FEE,W06115,RH-WASA-W06115,2026-07,Fee - Water & Sewerage Bill - Domestic,34000,34000,10
LI-000159,AS-00096,1,PRINCIPAL,W06110,RH-WASA-W06110,2026-05,Principal - Water & Sewerage Bill - Domestic,169000,169000,50
LI-000160,AS-00096,2,SURCHARGE,W06188,RH-WASA-W06188,2026-05,Surcharge - Water & Sewerage Bill - Domestic,30000,30000,30
LI-000161,AS-00096,3,FEE,W06115,RH-WASA-W06115,2026-05,Fee - Water & Sewerage Bill - Domestic,36000,36000,10
LI-000162,AS-00097,1,PRINCIPAL,W06110,RH-WASA-W06110,2026-06,Principal - Water & Sewerage Bill - Domestic,169000,169000,50
LI-000163,AS-00097,2,SURCHARGE,W06188,RH-WASA-W06188,2026-06,Surcharge - Water & Sewerage Bill - Domestic,15000,15000,30
LI-000164,AS-00097,3,FEE,W06115,RH-WASA-W06115,2026-06,Fee - Water & Sewerage Bill - Domestic,36000,36000,10
LI-000165,AS-00098,1,PRINCIPAL,W06110,RH-WASA-W06110,2026-07,Principal - Water & Sewerage Bill - Domestic,169000,169000,50
LI-000166,AS-00098,2,FEE,W06115,RH-WASA-W06115,2026-07,Fee - Water & Sewerage Bill - Domestic,36000,36000,10
LI-000167,AS-00099,1,PRINCIPAL,W06110,RH-WASA-W06110,2026-05,Principal - Water & Sewerage Bill - Domestic,181000,181000,50
LI-000168,AS-00099,2,SURCHARGE,W06188,RH-WASA-W06188,2026-05,Surcharge - Water & Sewerage Bill - Domestic,30000,30000,30
LI-000169,AS-00099,3,FEE,W06115,RH-WASA-W06115,2026-05,Fee - Water & Sewerage Bill - Domestic,38000,38000,10
LI-000170,AS-00100,1,PRINCIPAL,W06110,RH-WASA-W06110,2026-06,Principal - Water & Sewerage Bill - Domestic,181000,181000,50
LI-000171,AS-00100,2,SURCHARGE,W06188,RH-WASA-W06188,2026-06,Surcharge - Water & Sewerage Bill - Domestic,15000,15000,30
LI-000172,AS-00100,3,FEE,W06115,RH-WASA-W06115,2026-06,Fee - Water & Sewerage Bill - Domestic,38000,38000,10
LI-000173,AS-00101,1,PRINCIPAL,W06110,RH-WASA-W06110,2026-07,Principal - Water & Sewerage Bill - Domestic,181000,181000,50
LI-000174,AS-00101,2,FEE,W06115,RH-WASA-W06115,2026-07,Fee - Water & Sewerage Bill - Domestic,38000,38000,10
LI-000175,AS-00102,1,PRINCIPAL,W06110,RH-WASA-W06110,2026-05,Principal - Water & Sewerage Bill - Domestic,193000,193000,50
LI-000176,AS-00102,2,SURCHARGE,W06188,RH-WASA-W06188,2026-05,Surcharge - Water & Sewerage Bill - Domestic,30000,30000,30
LI-000177,AS-00102,3,FEE,W06115,RH-WASA-W06115,2026-05,Fee - Water & Sewerage Bill - Domestic,40000,40000,10
LI-000178,AS-00103,1,PRINCIPAL,W06110,RH-WASA-W06110,2026-06,Principal - Water & Sewerage Bill - Domestic,193000,0,50
LI-000179,AS-00103,2,SURCHARGE,W06188,RH-WASA-W06188,2026-06,Surcharge - Water & Sewerage Bill - Domestic,15000,0,30
LI-000180,AS-00103,3,FEE,W06115,RH-WASA-W06115,2026-06,Fee - Water & Sewerage Bill - Domestic,40000,0,10
LI-000181,AS-00104,1,PRINCIPAL,W06110,RH-WASA-W06110,2026-07,Principal - Water & Sewerage Bill - Domestic,193000,0,50
LI-000182,AS-00104,2,FEE,W06115,RH-WASA-W06115,2026-07,Fee - Water & Sewerage Bill - Domestic,40000,0,10
LI-000183,AS-00105,1,PRINCIPAL,W06110,RH-WASA-W06110,2026-05,Principal - Water & Sewerage Bill - Domestic,205000,0,50
LI-000184,AS-00105,2,SURCHARGE,W06188,RH-WASA-W06188,2026-05,Surcharge - Water & Sewerage Bill - Domestic,30000,0,30
LI-000185,AS-00105,3,FEE,W06115,RH-WASA-W06115,2026-05,Fee - Water & Sewerage Bill - Domestic,42000,0,10
LI-000186,AS-00106,1,PRINCIPAL,W06110,RH-WASA-W06110,2026-06,Principal - Water & Sewerage Bill - Domestic,205000,0,50
LI-000187,AS-00106,2,SURCHARGE,W06188,RH-WASA-W06188,2026-06,Surcharge - Water & Sewerage Bill - Domestic,15000,0,30
LI-000188,AS-00106,3,FEE,W06115,RH-WASA-W06115,2026-06,Fee - Water & Sewerage Bill - Domestic,42000,0,10
LI-000189,AS-00107,1,PRINCIPAL,W06110,RH-WASA-W06110,2026-07,Principal - Water & Sewerage Bill - Domestic,205000,0,50
LI-000190,AS-00107,2,FEE,W06115,RH-WASA-W06115,2026-07,Fee - Water & Sewerage Bill - Domestic,42000,0,10
LI-000191,AS-00108,1,PRINCIPAL,W06110,RH-WASA-W06110,2026-05,Principal - Water & Sewerage Bill - Domestic,217000,0,50
LI-000192,AS-00108,2,SURCHARGE,W06188,RH-WASA-W06188,2026-05,Surcharge - Water & Sewerage Bill - Domestic,30000,0,30
LI-000193,AS-00108,3,FEE,W06115,RH-WASA-W06115,2026-05,Fee - Water & Sewerage Bill - Domestic,44000,0,10
LI-000194,AS-00109,1,PRINCIPAL,W06110,RH-WASA-W06110,2026-06,Principal - Water & Sewerage Bill - Domestic,217000,0,50
LI-000195,AS-00109,2,SURCHARGE,W06188,RH-WASA-W06188,2026-06,Surcharge - Water & Sewerage Bill - Domestic,15000,0,30
LI-000196,AS-00109,3,FEE,W06115,RH-WASA-W06115,2026-06,Fee - Water & Sewerage Bill - Domestic,44000,0,10
LI-000197,AS-00110,1,PRINCIPAL,W06110,RH-WASA-W06110,2026-07,Principal - Water & Sewerage Bill - Domestic,217000,0,50
LI-000198,AS-00110,2,FEE,W06115,RH-WASA-W06115,2026-07,Fee - Water & Sewerage Bill - Domestic,44000,0,10
LI-000199,AS-00111,1,PRINCIPAL,W06110,RH-WASA-W06110,2026-07,Principal - Water & Sewerage Bill - Domestic,229000,0,50
LI-000200,AS-00111,2,FEE,W06115,RH-WASA-W06115,2026-07,Fee - Water & Sewerage Bill - Domestic,46000,0,10
LI-000201,AS-00112,1,PRINCIPAL,W06110,RH-WASA-W06110,2026-07,Principal - Water & Sewerage Bill - Domestic,241000,0,50
LI-000202,AS-00112,2,FEE,W06115,RH-WASA-W06115,2026-07,Fee - Water & Sewerage Bill - Domestic,48000,0,10
LI-000203,AS-00113,1,PRINCIPAL,W06110,RH-WASA-W06110,2026-07,Principal - Water & Sewerage Bill - Domestic,253000,0,50
LI-000204,AS-00113,2,FEE,W06115,RH-WASA-W06115,2026-07,Fee - Water & Sewerage Bill - Domestic,50000,0,10
LI-000205,AS-00114,1,PRINCIPAL,W06110,RH-WASA-W06110,2026-07,Principal - Water & Sewerage Bill - Domestic,265000,0,50
LI-000206,AS-00114,2,FEE,W06115,RH-WASA-W06115,2026-07,Fee - Water & Sewerage Bill - Domestic,52000,0,10
LI-000207,AS-00115,1,PRINCIPAL,W06110,RH-WASA-W06110,2026-07,Principal - Water & Sewerage Bill - Domestic,277000,0,50
LI-000208,AS-00115,2,FEE,W06115,RH-WASA-W06115,2026-07,Fee - Water & Sewerage Bill - Domestic,54000,0,10
LI-000209,AS-00116,1,PRINCIPAL,N09110,RH-NADRA-N09110,2026-07,Principal - CNIC Issuance / Renewal Fee,150000,0,50
LI-000210,AS-00117,1,PRINCIPAL,N09110,RH-NADRA-N09110,2026-07,Principal - CNIC Issuance / Renewal Fee,150000,150000,50
LI-000211,AS-00118,1,PRINCIPAL,N09110,RH-NADRA-N09110,2026-07,Principal - CNIC Issuance / Renewal Fee,150000,150000,50
LI-000212,AS-00119,1,PRINCIPAL,N09110,RH-NADRA-N09110,2026-07,Principal - CNIC Issuance / Renewal Fee,150000,150000,50
LI-000213,AS-00120,1,PRINCIPAL,N09110,RH-NADRA-N09110,2026-07,Principal - CNIC Issuance / Renewal Fee,150000,150000,50
LI-000214,AS-00121,1,PRINCIPAL,N09110,RH-NADRA-N09110,2026-07,Principal - CNIC Issuance / Renewal Fee,150000,0,50
LI-000215,AS-00122,1,PRINCIPAL,N09110,RH-NADRA-N09110,2026-07,Principal - CNIC Issuance / Renewal Fee,150000,150000,50
LI-000216,AS-00123,1,PRINCIPAL,N09110,RH-NADRA-N09110,2026-07,Principal - CNIC Issuance / Renewal Fee,150000,150000,50
LI-000217,AS-00124,1,PRINCIPAL,N09110,RH-NADRA-N09110,2026-07,Principal - CNIC Issuance / Renewal Fee,150000,150000,50
LI-000218,AS-00125,1,PRINCIPAL,N09110,RH-NADRA-N09110,2026-07,Principal - CNIC Issuance / Renewal Fee,150000,150000,50
LI-000219,AS-00126,1,PRINCIPAL,R08110,RH-BOR-R08110,2026-07,Principal - Stamp Duty - Property Instrument,14500000,14500000,50
LI-000220,AS-00126,2,FEE,R08115,RH-BOR-R08115,2026-07,Fee - Stamp Duty - Property Instrument,900000,900000,10
LI-000221,AS-00127,1,PRINCIPAL,R08110,RH-BOR-R08110,2026-07,Principal - Stamp Duty - Property Instrument,17500000,17500000,50
LI-000222,AS-00127,2,FEE,R08115,RH-BOR-R08115,2026-07,Fee - Stamp Duty - Property Instrument,980000,980000,10
LI-000223,AS-00128,1,PRINCIPAL,R08110,RH-BOR-R08110,2026-07,Principal - Stamp Duty - Property Instrument,20500000,20500000,50
LI-000224,AS-00128,2,FEE,R08115,RH-BOR-R08115,2026-07,Fee - Stamp Duty - Property Instrument,1060000,1060000,10
LI-000225,AS-00129,1,PRINCIPAL,R08110,RH-BOR-R08110,2026-07,Principal - Stamp Duty - Property Instrument,23500000,23500000,50
LI-000226,AS-00129,2,FEE,R08115,RH-BOR-R08115,2026-07,Fee - Stamp Duty - Property Instrument,1140000,1140000,10
LI-000227,AS-00130,1,PRINCIPAL,R08110,RH-BOR-R08110,2026-07,Principal - Stamp Duty - Property Instrument,26500000,0,50
LI-000228,AS-00130,2,FEE,R08115,RH-BOR-R08115,2026-07,Fee - Stamp Duty - Property Instrument,1220000,0,10
LI-000229,AS-00131,1,PRINCIPAL,R08110,RH-BOR-R08110,2026-07,Principal - Stamp Duty - Property Instrument,29500000,29500000,50
LI-000230,AS-00131,2,FEE,R08115,RH-BOR-R08115,2026-07,Fee - Stamp Duty - Property Instrument,1300000,1300000,10
LI-000231,AS-00132,1,PRINCIPAL,J07110,RH-LHC-J07110,2026-07,Principal - Court Fee - Civil Filing,1500000,0,50
LI-000232,AS-00133,1,PRINCIPAL,J07110,RH-LHC-J07110,2026-07,Principal - Court Fee - Civil Filing,2000000,2000000,50
LI-000233,AS-00134,1,PRINCIPAL,J07110,RH-LHC-J07110,2026-07,Principal - Court Fee - Civil Filing,2500000,2500000,50
LI-000234,AS-00135,1,PRINCIPAL,J07110,RH-LHC-J07110,2026-07,Principal - Court Fee - Civil Filing,3000000,3000000,50
LI-000235,AS-00136,1,PRINCIPAL,J07110,RH-LHC-J07110,2026-07,Principal - Court Fee - Civil Filing,3500000,3500000,50
LI-000236,AS-00137,1,PRINCIPAL,R08910,RH-BOR-R08910,2026-07,Principal - Tender / Earnest Money Deposit,50000000,50000000,50
LI-000237,AS-00138,1,PRINCIPAL,R08910,RH-BOR-R08910,2026-07,Principal - Tender / Earnest Money Deposit,75000000,75000000,50
LI-000238,AS-00139,1,PRINCIPAL,R08910,RH-BOR-R08910,2026-07,Principal - Tender / Earnest Money Deposit,100000000,100000000,50
LI-000239,AS-00140,1,PRINCIPAL,J07910,RH-LHC-J07910,2026-07,Principal - Security Deposit - Litigation,25000000,25000000,50
LI-000240,AS-00141,1,PRINCIPAL,E04220,RH-ETPB-E04220,2026-27,Principal - Professional Tax - Businesses,1200000,0,50
LI-000241,AS-00141,2,SURCHARGE,E04288,RH-ETPB-E04288,2026-27,Surcharge - Professional Tax - Businesses,40000,0,30
LI-000242,AS-00142,1,PRINCIPAL,E04220,RH-ETPB-E04220,2026-27,Principal - Professional Tax - Businesses,1500000,1500000,50
LI-000243,AS-00142,2,SURCHARGE,E04288,RH-ETPB-E04288,2026-27,Surcharge - Professional Tax - Businesses,50000,50000,30
LI-000244,AS-00143,1,PRINCIPAL,E04220,RH-ETPB-E04220,2026-27,Principal - Professional Tax - Businesses,1800000,1800000,50
LI-000245,AS-00143,2,SURCHARGE,E04288,RH-ETPB-E04288,2026-27,Surcharge - Professional Tax - Businesses,60000,60000,30
LI-000246,AS-00144,1,PRINCIPAL,E04220,RH-ETPB-E04220,2026-27,Principal - Professional Tax - Businesses,2100000,2100000,50
LI-000247,AS-00144,2,SURCHARGE,E04288,RH-ETPB-E04288,2026-27,Surcharge - Professional Tax - Businesses,70000,70000,30
LI-000248,AS-00145,1,PRINCIPAL,E04220,RH-ETPB-E04220,2026-27,Principal - Professional Tax - Businesses,2400000,2400000,50
LI-000249,AS-00145,2,SURCHARGE,E04288,RH-ETPB-E04288,2026-27,Surcharge - Professional Tax - Businesses,80000,80000,30
LI-000250,AS-00146,1,PRINCIPAL,E04220,RH-ETPB-E04220,2026-27,Principal - Professional Tax - Businesses,2700000,2700000,50
LI-000251,AS-00146,2,SURCHARGE,E04288,RH-ETPB-E04288,2026-27,Surcharge - Professional Tax - Businesses,90000,90000,30
LI-000252,AS-00147,1,PRINCIPAL,E04291,RH-ETPB-E04291,2026-27,Principal - Property Tax - Urban Immovable,2200000,2200000,50
LI-000253,AS-00147,2,SURCHARGE,E04288,RH-ETPB-E04288,2026-27,Surcharge - Property Tax - Urban Immovable,110000,110000,30
LI-000254,AS-00148,1,PRINCIPAL,E04291,RH-ETPB-E04291,2026-27,Principal - Property Tax - Urban Immovable,2750000,2750000,50
LI-000255,AS-00148,2,SURCHARGE,E04288,RH-ETPB-E04288,2026-27,Surcharge - Property Tax - Urban Immovable,140000,140000,30
LI-000256,AS-00149,1,PRINCIPAL,E04291,RH-ETPB-E04291,2026-27,Principal - Property Tax - Urban Immovable,3300000,3300000,50
LI-000257,AS-00149,2,SURCHARGE,E04288,RH-ETPB-E04288,2026-27,Surcharge - Property Tax - Urban Immovable,170000,170000,30
LI-000258,AS-00150,1,PRINCIPAL,E04291,RH-ETPB-E04291,2026-27,Principal - Property Tax - Urban Immovable,3850000,3850000,50
LI-000259,AS-00150,2,SURCHARGE,E04288,RH-ETPB-E04288,2026-27,Surcharge - Property Tax - Urban Immovable,200000,200000,30
LI-000260,AS-00151,1,PRINCIPAL,E04291,RH-ETPB-E04291,2026-27,Principal - Property Tax - Urban Immovable,4400000,4400000,50
LI-000261,AS-00151,2,SURCHARGE,E04288,RH-ETPB-E04288,2026-27,Surcharge - Property Tax - Urban Immovable,230000,230000,30
LI-000262,AS-00152,1,PRINCIPAL,E04291,RH-ETPB-E04291,2026-27,Principal - Property Tax - Urban Immovable,4950000,4950000,50
LI-000263,AS-00152,2,SURCHARGE,E04288,RH-ETPB-E04288,2026-27,Surcharge - Property Tax - Urban Immovable,260000,260000,30
LI-000264,AS-00153,1,PRINCIPAL,B01102,RH-FBR-B01102,2025-26,Principal - Income Tax - Individuals & AOPs,8500000,0,50
LI-000265,AS-00153,2,SURCHARGE,B02388,RH-FBR-B02388,2025-26,Surcharge - Income Tax - Individuals & AOPs,90000,0,30
LI-000266,AS-00154,1,PRINCIPAL,B01102,RH-FBR-B01102,2025-26,Principal - Income Tax - Individuals & AOPs,10200000,10200000,50
LI-000267,AS-00154,2,SURCHARGE,B02388,RH-FBR-B02388,2025-26,Surcharge - Income Tax - Individuals & AOPs,112000,112000,30
LI-000268,AS-00155,1,PRINCIPAL,B01102,RH-FBR-B01102,2025-26,Principal - Income Tax - Individuals & AOPs,11900000,11900000,50
LI-000269,AS-00155,2,SURCHARGE,B02388,RH-FBR-B02388,2025-26,Surcharge - Income Tax - Individuals & AOPs,134000,134000,30
LI-000270,AS-00156,1,PRINCIPAL,B01102,RH-FBR-B01102,2025-26,Principal - Income Tax - Individuals & AOPs,13600000,13600000,50
LI-000271,AS-00156,2,SURCHARGE,B02388,RH-FBR-B02388,2025-26,Surcharge - Income Tax - Individuals & AOPs,156000,156000,30
LI-000272,AS-00157,1,PRINCIPAL,B01102,RH-FBR-B01102,2025-26,Principal - Income Tax - Individuals & AOPs,15300000,15300000,50
LI-000273,AS-00157,2,SURCHARGE,B02388,RH-FBR-B02388,2025-26,Surcharge - Income Tax - Individuals & AOPs,178000,178000,30
LI-000274,AS-00158,1,PRINCIPAL,B01102,RH-FBR-B01102,2025-26,Principal - Income Tax - Individuals & AOPs,17000000,17000000,50
LI-000275,AS-00158,2,SURCHARGE,B02388,RH-FBR-B02388,2025-26,Surcharge - Income Tax - Individuals & AOPs,200000,200000,30
LI-000276,AS-00159,1,PRINCIPAL,B01102,RH-FBR-B01102,2025-26,Principal - Income Tax - Individuals & AOPs,18700000,18700000,50
LI-000277,AS-00159,2,SURCHARGE,B02388,RH-FBR-B02388,2025-26,Surcharge - Income Tax - Individuals & AOPs,222000,222000,30
LI-000278,AS-00160,1,PRINCIPAL,E04215,RH-ETPB-E04215,2026-07,Principal - Motor Vehicle Registration - New,7800000,7800000,50
LI-000279,AS-00161,1,PRINCIPAL,E04215,RH-ETPB-E04215,2026-07,Principal - Motor Vehicle Registration - New,9000000,0,50
LI-000280,AS-00162,1,PRINCIPAL,E04215,RH-ETPB-E04215,2026-07,Principal - Motor Vehicle Registration - New,10200000,10200000,50
LI-000281,AS-00163,1,PRINCIPAL,E04215,RH-ETPB-E04215,2026-07,Principal - Motor Vehicle Registration - New,11400000,11400000,50
LI-000282,AS-00164,1,PRINCIPAL,B08110,RH-FBR-B08110,2026-07,Principal - Dishonoured Instrument Charge,50000,0,50
