payment_id,payment_reference,intent_reference,agency_code,channel,rail,direction,instrument_id,bulk_batch_id,rtp_reference,gross_amount_minor,fee_amount_minor,net_to_agency_minor,unapplied_amount_minor,currency,status,finality,value_date,obligation_discharge_date,cutoff_reason,cutoff_rule_version,received_at,confirmed_at,rail_e2e_id,rail_uetr,switch_stan,switch_rrn,acquirer_id,payer_account_masked,payer_bank_bic,remittance_raw,third_party_payer,settlement_cycle,duplicate_of_payment_reference,in_bank_statement,in_switch_file,in_rail_file
PM-00001,P2600001,IP26000010,PSCA,APP,RAAST,INBOUND,,,,350000,2500,350000,0,PKR,CONFIRMED,FINAL,2026-07-30,2026-07-30,SAME_DAY,CUTOFF-2026.07,2026-07-30T09:00:00Z,2026-07-30T09:00:00Z,E2EP26000010000,8e5e4e8d-200a-4df4-86ce-864facf3868f,,,,PK**************6939,EASYPKKA,PSID 41011400000415168 TRAFFIC E-CHALLAN - ,,RAAST-2026-07-30-C3,,Y,N,Y
PM-00002,P2600002,IP26000020,ETPB,QR,RAAST,INBOUND,,,,1000000,2500,1000000,0,PKR,CONFIRMED,FINAL,2026-07-29,2026-07-29,SAME_DAY,CUTOFF-2026.07,2026-07-29T10:07:00Z,2026-07-29T10:07:00Z,E2EP26000020001,fceea5c4-8d5d-4fd8-8e19-e61fa4df7f64,,,,PK**************7776,UNILPKKA,PSID 31010900001378322 MOTOR VEHICLE TOKEN ,,RAAST-2026-07-29-C3,,Y,N,Y
PM-00003,P2600003,IP26000030,PRA,BILLER,IBFT_1LINK,INBOUND,,,,22100000,0,22100000,0,PKR,CONFIRMED,FINAL,2026-07-28,2026-07-28,SAME_DAY,CUTOFF-2026.07,2026-07-28T11:14:00Z,2026-07-28T11:14:00Z,E2EP26000030002,,758403,26209860258,NBPAACQ,PK**************7433,NBPAPKKA,PSID 21010700000751181 PUNJAB SALES TAX ON ,,,,Y,Y,N
PM-00004,P2600004,IP26000040,FBR,ATM,IBFT_1LINK,INBOUND,,,,18922000,0,18922000,0,PKR,CONFIRMED,FINAL,2026-07-27,2026-07-27,SAME_DAY,CUTOFF-2026.07,2026-07-27T12:21:00Z,2026-07-27T12:21:00Z,E2EP26000040003,,119106,26208973416,ALFHACQ,PK**************4703,ALFHPKKA,PSID 12010200005030616 INCOME TAX - INDIVID,,,,Y,Y,N
PM-00005,P2600005,IP26000050,PSCA,IBANKING,RAAST,INBOUND,,,,300000,2500,300000,0,PKR,CONFIRMED,FINAL,2026-07-30,2026-07-30,SAME_DAY,CUTOFF-2026.07,2026-07-30T13:28:00Z,2026-07-30T13:28:00Z,E2EP26000050004,5cb69c76-1185-40fc-8577-3edd93971f5b,,,,PK**************6028,JSBLPKKA,PSID 41011300001502164 TRAFFIC E-CHALLAN - ,,RAAST-2026-07-30-C4,,Y,N,Y
PM-00006,P2600006,IP26000060,ETPB,CARD,PAYPAK,INBOUND,,,,2480000,0,2480000,0,PKR,CONFIRMED,FINAL,2026-07-29,2026-07-29,SAME_DAY,CUTOFF-2026.07,2026-07-29T14:35:00Z,2026-07-29T14:35:00Z,E2EP26000060005,,881073,26210711449,SCBLACQ,PK**************1754,SCBLPKKX,PSID 31011100002088592 PROFESSIONAL TAX - B,,,,Y,Y,N
PM-00007,P2600007,IP26000070,ETPB,WALLET,WALLET,INBOUND,,,,5210000,0,5210000,0,PKR,CONFIRMED,FINAL,2026-07-28,2026-07-28,SAME_DAY,CUTOFF-2026.07,2026-07-28T15:42:00Z,2026-07-28T15:42:00Z,E2EP26000070006,,,,,PK**************8478,FAYSPKKA,PSID 31011200002759402 PROPERTY TAX - URBAN,,,,Y,N,N
PM-00008,P2600008,IP26000080,FBR,AGENT,IBFT_1LINK,INBOUND,,,,72090000,0,72090000,0,PKR,CONFIRMED,FINAL,2026-07-27,2026-07-27,SAME_DAY,CUTOFF-2026.07,2026-07-27T16:49:00Z,2026-07-27T16:49:00Z,E2EP26000080007,,100086,26208932257,MEZNACQ,PK**************2313,MEZNPKKA,PSID 12010500002743126 CUSTOMS DUTY & TAXES,,,,Y,Y,N
PM-00009,P2600009,IP26000090,PRA,API,PRISM_RTGS,INBOUND,,,,15800000,0,15800000,0,PKR,CONFIRMED,FINAL,2026-07-30,2026-07-30,SAME_DAY,CUTOFF-2026.07,2026-07-30T17:56:00Z,2026-07-30T17:56:00Z,E2EP26000090008,,,,,PK**************1035,JSBLPKKA,PSID 21010700000453545 PUNJAB SALES TAX ON ,,,,Y,N,N
PM-00010,P260000A,IP260000A0,SRB,APP,RAAST,INBOUND,,,,19200000,0,19200000,0,PKR,CONFIRMED,FINAL,2026-07-29,2026-07-29,SAME_DAY,CUTOFF-2026.07,2026-07-29T09:03:00Z,2026-07-29T09:03:00Z,E2EP260000A0009,84a41257-fbdf-40b4-8855-3bdbb8369108,,,,PK**************4016,HABBPKKA,PSID 22010800000305128 SINDH SALES TAX ON S,,RAAST-2026-07-29-C3,,Y,N,Y
PM-00011,P260000B,IP260000B0,FBR,QR,RAAST,INBOUND,,,,15478000,0,15478000,0,PKR,CONFIRMED,FINAL,2026-07-28,2026-07-28,SAME_DAY,CUTOFF-2026.07,2026-07-28T10:10:00Z,2026-07-28T10:10:00Z,E2EP260000B0010,c440a9c8-1356-47e2-82dc-0654480d00bf,,,,PK**************8055,SCBLPKKX,PSID 12010200004893001 INCOME TAX - INDIVID,,RAAST-2026-07-28-C3,,Y,N,Y
PM-00012,P260000C,IP260000C0,PSCA,BILLER,IBFT_1LINK,INBOUND,,,,650000,2500,650000,0,PKR,CONFIRMED,FINAL,2026-07-27,2026-07-27,SAME_DAY,CUTOFF-2026.07,2026-07-27T11:17:00Z,2026-07-27T11:17:00Z,E2EP260000C0011,,759135,26208729290,UNILACQ,PK**************6279,UNILPKKA,PSID 41011400001019517 TRAFFIC E-CHALLAN - ,,,,Y,Y,N
PM-00013,P260000D,IP260000D0,PSCA,ATM,IBFT_1LINK,INBOUND,,,,200000,2500,200000,0,PKR,CONFIRMED,FINAL,2026-07-30,2026-07-30,SAME_DAY,CUTOFF-2026.07,2026-07-30T12:24:00Z,2026-07-30T12:24:00Z,E2EP260000D0012,,294030,26211664006,UNILACQ,PK**************2631,UNILPKKA,PSID 41011300000758728 TRAFFIC E-CHALLAN - ,,,,Y,Y,N
PM-00014,P260000E,IP260000E0,FBR,IBANKING,RAAST,INBOUND,,,,94388000,0,94388000,0,PKR,CONFIRMED,FINAL,2026-07-29,2026-07-29,SAME_DAY,CUTOFF-2026.07,2026-07-29T13:31:00Z,2026-07-29T13:31:00Z,E2EP260000E0013,07c0ede9-ab24-4856-866e-aed8d34cd764,,,,PK**************8964,EASYPKKA,PSID 12010100001359715 INCOME TAX - COMPANI,,RAAST-2026-07-29-C4,,Y,N,Y
PM-00015,P260000F,IP260000F0,ETPB,CARD,PAYPAK,INBOUND,,,,4630000,0,4630000,0,PKR,CONFIRMED,FINAL,2026-07-28,2026-07-28,SAME_DAY,CUTOFF-2026.07,2026-07-28T14:38:00Z,2026-07-28T14:38:00Z,E2EP260000F0014,,265891,26209956122,MUCBACQ,PK**************9353,MUCBPKKA,PSID 31011200002605610 PROPERTY TAX - URBAN,,,,Y,Y,N
PM-00016,P260000G,IP260000G0,SRB,WALLET,WALLET,INBOUND,,,,21800000,0,21800000,0,PKR,CONFIRMED,FINAL,2026-07-27,2026-07-27,SAME_DAY,CUTOFF-2026.07,2026-07-27T15:45:00Z,2026-07-27T15:45:00Z,E2EP260000G0015,,,,,PK**************8107,UNILPKKA,PSID 22010800000403089 SINDH SALES TAX ON S,,,,Y,N,N
PM-00017,P260000H,IP260000H0,BOR,AGENT,IBFT_1LINK,INBOUND,,,,21560000,2500,21560000,0,PKR,CONFIRMED,FINAL,2026-07-31,2026-07-30,AFTER_CUTOFF,CUTOFF-2026.07,2026-07-30T16:52:00Z,2026-07-30T16:52:00Z,E2EP260000H0016,,665871,26212278683,FAYSACQ,PK**************5886,FAYSPKKA,PSID 71011800000315665 STAMP DUTY - PROPERT,,,,Y,Y,N
PM-00018,P260000J,IP260000J0,BOR,API,PRISM_RTGS,INBOUND,,,,30800000,2500,30800000,0,PKR,CONFIRMED,FINAL,2026-07-30,2026-07-29,AFTER_CUTOFF,CUTOFF-2026.07,2026-07-29T17:59:00Z,2026-07-29T17:59:00Z,E2EP260000J0017,,,,,PK**************1492,MUCBPKKA,PSID 71011800000612043 STAMP DUTY - PROPERT,,,,Y,N,N
PM-00019,P260000K,IP260000K0,PSCA,APP,RAAST,INBOUND,,,,600000,2500,600000,0,PKR,CONFIRMED,FINAL,2026-07-28,2026-07-28,SAME_DAY,CUTOFF-2026.07,2026-07-28T09:06:00Z,2026-07-28T09:06:00Z,E2EP260000K0018,5e53b3ba-9a88-43c0-8854-2323ed2f8f4b,,,,PK**************4091,JSBLPKKA,PSID 41011300000955356 TRAFFIC E-CHALLAN - ,,RAAST-2026-07-28-C3,,Y,N,Y
PM-00020,P260000M,IP260000M0,FBR,QR,RAAST,INBOUND,,,,13756000,0,13756000,0,PKR,CONFIRMED,FINAL,2026-07-27,2026-07-27,SAME_DAY,CUTOFF-2026.07,2026-07-27T10:13:00Z,2026-07-27T10:13:00Z,E2EP260000M0019,9b68288c-e4d9-43b7-8da1-c270243aa186,,,,PK**************6869,HABBPKKA,PSID 12010200004775239 INCOME TAX - INDIVID,,RAAST-2026-07-27-C3,,Y,N,Y
PM-00021,P260000N,IP260000N0,BOR,BILLER,IBFT_1LINK,INBOUND,,,,15400000,2500,15400000,0,PKR,CONFIRMED,FINAL,2026-07-30,2026-07-30,SAME_DAY,CUTOFF-2026.07,2026-07-30T11:20:00Z,2026-07-30T11:20:00Z,E2EP260000N0020,,910512,26211129856,EASYACQ,PK**************3865,EASYPKKA,PSID 71011800000183627 STAMP DUTY - PROPERT,,,,Y,Y,N
PM-00022,P260000P,IP260000P0,PSCA,ATM,IBFT_1LINK,INBOUND,,,,750000,2500,750000,0,PKR,CONFIRMED,FINAL,2026-07-29,2026-07-29,SAME_DAY,CUTOFF-2026.07,2026-07-29T12:27:00Z,2026-07-29T12:27:00Z,E2EP260000P0021,,404998,26210716852,MUCBACQ,PK**************4325,MUCBPKKA,PSID 41011400000685365 TRAFFIC E-CHALLAN - ,,,,Y,Y,N
PM-00023,P260000Q,IP260000Q0,FBR,IBANKING,RAAST,INBOUND,,,,41428800,0,41428800,0,PKR,CONFIRMED,FINAL,2026-07-28,2026-07-28,SAME_DAY,CUTOFF-2026.07,2026-07-28T13:34:00Z,2026-07-28T13:34:00Z,E2EP260000Q0022,f70c4d31-a282-43b8-86c9-5e1c61e977b7,,,,PK**************1021,ALFHPKKA,PSID 12010400002312071 SALES TAX ON GOODS -,,RAAST-2026-07-28-C4,,Y,N,Y
PM-00024,P260000R,IP260000R0,PSCA,CARD,PAYPAK,INBOUND,,,,350000,2500,350000,0,PKR,CONFIRMED,FINAL,2026-07-27,2026-07-27,SAME_DAY,CUTOFF-2026.07,2026-07-27T14:41:00Z,2026-07-27T14:41:00Z,E2EP260000R0023,,424044,26208420533,NBPAACQ,PK**************6342,NBPAPKKA,PSID 41011400000884904 TRAFFIC E-CHALLAN - ,,,,Y,Y,N
PM-00025,P260000S,IP260000S0,PRA,WALLET,WALLET,INBOUND,,,,24200000,0,24200000,0,PKR,CONFIRMED,FINAL,2026-07-30,2026-07-30,SAME_DAY,CUTOFF-2026.07,2026-07-30T15:48:00Z,2026-07-30T15:48:00Z,E2EP260000S0024,,,,,PK**************8051,HABBPKKA,PSID 21010700000801750 PUNJAB SALES TAX ON ,,,,Y,N,N
PM-00026,P260000T,IP260000T0,PSCA,AGENT,IBFT_1LINK,INBOUND,,,,500000,2500,500000,0,PKR,CONFIRMED,FINAL,2026-07-29,2026-07-29,SAME_DAY,CUTOFF-2026.07,2026-07-29T16:55:00Z,2026-07-29T16:55:00Z,E2EP260000T0025,,351599,26210363986,ALFHACQ,PK**************1682,ALFHPKKA,PSID 41011300001327382 TRAFFIC E-CHALLAN - ,,,,Y,Y,N
PM-00027,P260000V,IP260000V0,FBR,API,PRISM_RTGS,INBOUND,,,,48081600,0,48081600,0,PKR,CONFIRMED,FINAL,2026-07-28,2026-07-28,SAME_DAY,CUTOFF-2026.07,2026-07-28T17:02:00Z,2026-07-28T17:02:00Z,E2EP260000V0026,,,,,PK**************4957,MEZNPKKA,PSID 12010400002511726 SALES TAX ON GOODS -,,,,Y,N,N
PM-00028,P260000W,IP260000W0,NADRA,APP,RAAST,INBOUND,,,,150000,2500,150000,0,PKR,CONFIRMED,FINAL,2026-07-27,2026-07-27,SAME_DAY,CUTOFF-2026.07,2026-07-27T09:09:00Z,2026-07-27T09:09:00Z,E2EP260000W0027,953efbba-9352-42c4-87fb-499e5117d68b,,,,PK**************6766,ALFHPKKA,PSID 88000000000021 CNIC ISSUANCE / RENE,,RAAST-2026-07-27-C3,,Y,N,Y
PM-00029,P260000X,IP260000X0,NADRA,QR,RAAST,INBOUND,,,,150000,2500,150000,0,PKR,CONFIRMED,FINAL,2026-07-30,2026-07-30,SAME_DAY,CUTOFF-2026.07,2026-07-30T10:16:00Z,2026-07-30T10:16:00Z,E2EP260000X0028,6b7e7204-b79f-4200-8972-312e2b5bdfe3,,,,PK**************6805,JSBLPKKA,PSID 88000000000070 CNIC ISSUANCE / RENE,,RAAST-2026-07-30-C3,,Y,N,Y
PM-00030,P260000Y,IP260000Y0,NADRA,BILLER,IBFT_1LINK,INBOUND,,,,150000,2500,150000,0,PKR,CONFIRMED,FINAL,2026-07-29,2026-07-29,SAME_DAY,CUTOFF-2026.07,2026-07-29T11:23:00Z,2026-07-29T11:23:00Z,E2EP260000Y0029,,440126,26210271316,HABBACQ,PK**************1858,HABBPKKA,PSID 88000000000088 CNIC ISSUANCE / RENE,,,,Y,Y,N
PM-00031,P260000Z,IP260000Z0,ETPB,ATM,IBFT_1LINK,INBOUND,,,,1550000,0,1550000,0,PKR,CONFIRMED,FINAL,2026-07-28,2026-07-28,SAME_DAY,CUTOFF-2026.07,2026-07-28T12:30:00Z,2026-07-28T12:30:00Z,E2EP260000Z0030,,828771,26209901986,ALFHACQ,PK**************5487,ALFHPKKA,PSID 31011100001733224 PROFESSIONAL TAX - B,,,,Y,Y,N
PM-00032,P2600010,IP26000100,LHC,IBANKING,RAAST,INBOUND,,,,2500000,2500,2500000,0,PKR,CONFIRMED,FINAL,2026-07-27,2026-07-27,SAME_DAY,CUTOFF-2026.07,2026-07-27T13:37:00Z,2026-07-27T13:37:00Z,E2EP26000100031,50cecec7-090a-4146-880b-8655df2f3b43,,,,PK**************5302,MEZNPKKA,PSID 61011600000363682 COURT FEE - CIVIL FI,,RAAST-2026-07-27-C4,,Y,N,Y
PM-00033,P2600011,IP26000110,FBR,CARD,PAYPAK,INBOUND,,,,12034000,0,12034000,0,PKR,CONFIRMED,FINAL,2026-07-30,2026-07-30,SAME_DAY,CUTOFF-2026.07,2026-07-30T14:44:00Z,2026-07-30T14:44:00Z,E2EP26000110032,,587153,26211923800,EASYACQ,PK**************2480,EASYPKKA,PSID 12010200004676828 INCOME TAX - INDIVID,,,,Y,Y,N
PM-00034,P2600012,IP26000120,LHC,WALLET,WALLET,INBOUND,,,,3000000,2500,3000000,0,PKR,CONFIRMED,FINAL,2026-07-30,2026-07-29,AFTER_CUTOFF,CUTOFF-2026.07,2026-07-29T15:51:00Z,2026-07-29T15:51:00Z,E2EP26000120033,,,,,PK**************8076,FAYSPKKA,PSID 61011600000424002 COURT FEE - CIVIL FI,,,,Y,N,N
PM-00035,P2600013,IP26000130,FBR,AGENT,IBFT_1LINK,INBOUND,,,,31449600,0,31449600,0,PKR,CONFIRMED,FINAL,2026-07-28,2026-07-28,SAME_DAY,CUTOFF-2026.07,2026-07-28T16:58:00Z,2026-07-28T16:58:00Z,E2EP26000130034,,208966,26209302086,JSBLACQ,PK**************6476,JSBLPKKA,PSID 12010400002046360 SALES TAX ON GOODS -,,,,Y,Y,N
PM-00036,P2600014,IP26000140,FBR,API,PRISM_RTGS,INBOUND,,,,98104500,0,98104500,0,PKR,CONFIRMED,FINAL,2026-07-27,2026-07-27,SAME_DAY,CUTOFF-2026.07,2026-07-27T17:05:00Z,2026-07-27T17:05:00Z,E2EP26000140035,,,,,PK**************1682,ALFHPKKA,PSID 12010100001424055 INCOME TAX - COMPANI,,,,Y,N,N
PM-00037,P2600015,IP26000150,PSCA,APP,RAAST,INBOUND,,,,300000,2500,300000,0,PKR,CONFIRMED,FINAL,2026-07-30,2026-07-30,SAME_DAY,CUTOFF-2026.07,2026-07-30T09:12:00Z,2026-07-30T09:12:00Z,E2EP26000150036,146fb59f-7100-4379-8b0c-3f592b93fe61,,,,PK**************4368,EASYPKKA,PSID 41011300000396784 TRAFFIC E-CHALLAN - ,,RAAST-2026-07-30-C3,,Y,N,Y
PM-00038,P2600016,IP26000160,FBR,QR,RAAST,INBOUND,,,,88471500,0,88471500,0,PKR,CONFIRMED,FINAL,2026-07-29,2026-07-29,SAME_DAY,CUTOFF-2026.07,2026-07-29T10:19:00Z,2026-07-29T10:19:00Z,E2EP26000160037,2a86d4d5-e991-4b82-851b-c3de5b4ebb7f,,,,PK**************6798,MEZNPKKA,PSID 12010100001224349 INCOME TAX - COMPANI,,RAAST-2026-07-29-C3,,Y,N,Y
PM-00039,P2600017,IP26000170,SRB,BILLER,IBFT_1LINK,INBOUND,,,,14000000,0,14000000,0,PKR,CONFIRMED,FINAL,2026-07-28,2026-07-28,SAME_DAY,CUTOFF-2026.07,2026-07-28T11:26:00Z,2026-07-28T11:26:00Z,E2EP26000170038,,564132,26209770237,FAYSACQ,PK**************6547,FAYSPKKA,PSID 22010800000145120 SINDH SALES TAX ON S,,,,Y,Y,N
PM-00040,P2600018,IP26000180,PSCA,ATM,IBFT_1LINK,INBOUND,,,,650000,2500,650000,0,PKR,CONFIRMED,FINAL,2026-07-27,2026-07-27,SAME_DAY,CUTOFF-2026.07,2026-07-27T12:33:00Z,2026-07-27T12:33:00Z,E2EP26000180039,,995831,26208531888,MUCBACQ,PK**************2601,MUCBPKKA,PSID 41011400001427546 TRAFFIC E-CHALLAN - ,,,,Y,Y,N
PM-00041,P2600019,IP26000190,FBR,IBANKING,RAAST,INBOUND,,,,44755200,0,44755200,0,PKR,CONFIRMED,FINAL,2026-07-30,2026-07-30,SAME_DAY,CUTOFF-2026.07,2026-07-30T13:40:00Z,2026-07-30T13:40:00Z,E2EP26000190040,fe791542-ad44-46a0-8633-2ec85cb49dc0,,,,PK**************5783,MUCBPKKA,PSID 12010400002413680 SALES TAX ON GOODS -,,RAAST-2026-07-30-C4,,N,N,Y
PM-00042,P260001A,IP260001A0,LHC,CARD,PAYPAK,INBOUND,,,,3500000,2500,3500000,0,PKR,CONFIRMED,FINAL,2026-07-29,2026-07-29,SAME_DAY,CUTOFF-2026.07,2026-07-29T14:47:00Z,2026-07-29T14:47:00Z,E2EP260001A0041,,351316,26210604792,HABBACQ,PK**************6736,HABBPKKA,PSID 61011600000555795 COURT FEE - CIVIL FI,,,,Y,Y,N
PM-00043,P260001B,IP260001B0,BOR,WALLET,WALLET,INBOUND,,,,18480000,2500,18480000,0,PKR,CONFIRMED,FINAL,2026-07-28,2026-07-28,SAME_DAY,CUTOFF-2026.07,2026-07-28T15:54:00Z,2026-07-28T15:54:00Z,E2EP260001B0042,,,,,PK**************1394,MEZNPKKA,PSID 71011800000214127 STAMP DUTY - PROPERT,,,,Y,N,N
PM-00044,P260001C,IP260001C0,FBR,AGENT,IBFT_1LINK,INBOUND,,,,98760000,0,98760000,0,PKR,CONFIRMED,FINAL,2026-07-27,2026-07-27,SAME_DAY,CUTOFF-2026.07,2026-07-27T16:01:00Z,2026-07-27T16:01:00Z,E2EP260001C0043,,589550,26208487867,ALFHACQ,PK**************3316,ALFHPKKA,PSID 12010500003000569 CUSTOMS DUTY & TAXES,,,,Y,Y,N
PM-00045,P260001D,IP260001D0,ETPB,API,PRISM_RTGS,INBOUND,,,,4050000,0,4050000,0,PKR,CONFIRMED,FINAL,2026-07-30,2026-07-30,SAME_DAY,CUTOFF-2026.07,2026-07-30T17:08:00Z,2026-07-30T17:08:00Z,E2EP260001D0044,,,,,PK**************9758,NBPAPKKA,PSID 31011200002580103 PROPERTY TAX - URBAN,,,,Y,N,N
PM-00046,P260001E,IP260001E0,ETPB,APP,RAAST,INBOUND,,,,1325000,2500,1325000,0,PKR,CONFIRMED,FINAL,2026-07-29,2026-07-29,SAME_DAY,CUTOFF-2026.07,2026-07-29T09:15:00Z,2026-07-29T09:15:00Z,E2EP260001E0045,8b85e14e-31c0-4013-8117-f7757da4a84f,,,,PK**************1784,MUCBPKKA,PSID 31010900001469438 MOTOR VEHICLE TOKEN ,,RAAST-2026-07-29-C3,,Y,N,Y
PM-00047,P260001F,IP260001F0,BOR,QR,RAAST,INBOUND,,,,100000000,0,100000000,0,PKR,CONFIRMED,FINAL,2026-07-28,2026-07-28,SAME_DAY,CUTOFF-2026.07,2026-07-28T10:22:00Z,2026-07-28T10:22:00Z,E2EP260001F0046,a37b90ad-a074-4cc0-85cb-4d4c5cf1ee19,,,,PK**************5541,MEZNPKKA,PSID 71011900000974986 TENDER / EARNEST MON,,RAAST-2026-07-28-C3,,Y,N,Y
PM-00048,P260001G,IP260001G0,ETPB,BILLER,IBFT_1LINK,INBOUND,,,,7800000,2500,7800000,0,PKR,CONFIRMED,FINAL,2026-07-27,2026-07-27,SAME_DAY,CUTOFF-2026.07,2026-07-27T11:29:00Z,2026-07-27T11:29:00Z,E2EP260001G0047,,173481,26208826451,ALFHACQ,PK**************6603,ALFHPKKA,PSID 31011000002865112 MOTOR VEHICLE REGIST,,,,Y,Y,N
PM-00049,P260001H,IP260001H0,FBR,ATM,IBFT_1LINK,INBOUND,,,,102921000,0,102921000,0,PKR,CONFIRMED,FINAL,2026-07-30,2026-07-30,SAME_DAY,CUTOFF-2026.07,2026-07-30T12:36:00Z,2026-07-30T12:36:00Z,E2EP260001H0048,,595657,26211480370,FAYSACQ,PK**************5424,FAYSPKKA,PSID 12010100001591754 INCOME TAX - COMPANI,,,,Y,Y,N
PM-00050,P260001J,IP260001J0,ETPB,IBANKING,RAAST,INBOUND,,,,3470000,0,3470000,0,PKR,CONFIRMED,FINAL,2026-07-29,2026-07-29,SAME_DAY,CUTOFF-2026.07,2026-07-29T13:43:00Z,2026-07-29T13:43:00Z,E2EP260001J0049,55c5cfbc-a61b-4465-8aa7-c2c8ae3aad86,,,,PK**************9551,UNILPKKA,PSID 31011200002443136 PROPERTY TAX - URBAN,,RAAST-2026-07-29-C4,,Y,N,Y
PM-00051,P260001K,IP260001K0,FBR,CARD,PAYPAK,INBOUND,,,,10312000,0,10312000,0,PKR,CONFIRMED,FINAL,2026-07-28,2026-07-28,SAME_DAY,CUTOFF-2026.07,2026-07-28T14:50:00Z,2026-07-28T14:50:00Z,E2EP260001K0050,,536799,26209123642,FAYSACQ,PK**************3106,FAYSPKKA,PSID 12010200004500703 INCOME TAX - INDIVID,,,,Y,Y,N
PM-00052,P260001M,IP260001M0,PRA,WALLET,WALLET,INBOUND,,,,13700000,0,13700000,0,PKR,CONFIRMED,FINAL,2026-07-27,2026-07-27,SAME_DAY,CUTOFF-2026.07,2026-07-27T15:57:00Z,2026-07-27T15:57:00Z,E2EP260001M0051,,,,,PK**************5498,JSBLPKKA,PSID 21010700000316777 PUNJAB SALES TAX ON ,,,,Y,N,N
PM-00053,P260001N,IP260001N0,PRA,AGENT,IBFT_1LINK,INBOUND,,,,17900000,0,17900000,0,PKR,CONFIRMED,FINAL,2026-07-30,2026-07-30,SAME_DAY,CUTOFF-2026.07,2026-07-30T16:04:00Z,2026-07-30T16:04:00Z,E2EP260001N0052,,364895,26211400486,JSBLACQ,PK**************5868,JSBLPKKA,PSID 21010700000563761 PUNJAB SALES TAX ON ,,,,Y,Y,N
PM-00054,P260001P,IP260001P0,NADRA,API,PRISM_RTGS,INBOUND,,,,150000,2500,150000,0,PKR,CONFIRMED,FINAL,2026-07-29,2026-07-29,SAME_DAY,CUTOFF-2026.07,2026-07-29T17:11:00Z,2026-07-29T17:11:00Z,E2EP260001P0053,,,,,PK**************5206,JSBLPKKA,PSID 88000000000054 CNIC ISSUANCE / RENE,,,,Y,N,N
PM-00055,P260001Q,IP260001Q0,NADRA,APP,RAAST,INBOUND,,,,150000,2500,150000,0,PKR,CONFIRMED,FINAL,2026-07-28,2026-07-28,SAME_DAY,CUTOFF-2026.07,2026-07-28T09:18:00Z,2026-07-28T09:18:00Z,E2EP260001Q0054,63823796-99c1-4f63-85a9-38df8cf384d1,,,,PK**************2265,FAYSPKKA,PSID 88000000000104 CNIC ISSUANCE / RENE,,RAAST-2026-07-28-C3,,Y,N,Y
PM-00056,P260001R,IP260001R0,FBR,QR,RAAST,INBOUND,,,,17200000,0,17200000,0,PKR,CONFIRMED,FINAL,2026-07-27,2026-07-27,SAME_DAY,CUTOFF-2026.07,2026-07-27T10:25:00Z,2026-07-27T10:25:00Z,E2EP260001R0055,91b1302b-11bc-4d66-87ed-044c50586613,,,,PK**************3939,NBPAPKKA,PSID 12010200004912562 INCOME TAX - INDIVID,,RAAST-2026-07-27-C3,,Y,N,Y
PM-00057,P260001S,IP260001S0,ETPB,BILLER,IBFT_1LINK,INBOUND,,,,10200000,2500,10200000,0,PKR,CONFIRMED,FINAL,2026-07-30,2026-07-30,SAME_DAY,CUTOFF-2026.07,2026-07-30T11:32:00Z,2026-07-30T11:32:00Z,E2EP260001S0056,,365757,26211500404,SCBLACQ,PK**************1285,SCBLPKKX,PSID 31011000003057134 MOTOR VEHICLE REGIST,,,,Y,Y,N
PM-00058,P260001T,IP260001T0,FBR,ATM,IBFT_1LINK,INBOUND,,,,89870000,0,89870000,0,PKR,CONFIRMED,FINAL,2026-07-29,2026-07-29,SAME_DAY,CUTOFF-2026.07,2026-07-29T12:39:00Z,2026-07-29T12:39:00Z,E2EP260001T0057,,845071,26210915728,SCBLACQ,PK**************1526,SCBLPKKX,PSID 12010500002919853 CUSTOMS DUTY & TAXES,,,,Y,Y,N
PM-00059,P260001V,IP260001V0,NADRA,IBANKING,RAAST,INBOUND,,,,150000,2500,150000,0,PKR,CONFIRMED,FINAL,2026-07-28,2026-07-28,SAME_DAY,CUTOFF-2026.07,2026-07-28T13:46:00Z,2026-07-28T13:46:00Z,E2EP260001V0058,cf428bac-3872-4389-8e9c-062089044ecb,,,,PK**************2545,ALFHPKKA,PSID 88000000000096 CNIC ISSUANCE / RENE,,RAAST-2026-07-28-C4,,Y,N,Y
PM-00060,P260001W,IP260001W0,FBR,CARD,PAYPAK,INBOUND,,,,38102400,0,38102400,0,PKR,CONFIRMED,FINAL,2026-07-27,2026-07-27,SAME_DAY,CUTOFF-2026.07,2026-07-27T14:53:00Z,2026-07-27T14:53:00Z,E2EP260001W0059,,862875,26208201447,UNILACQ,PK**************3753,UNILPKKA,PSID 12010400002246463 SALES TAX ON GOODS -,,,,Y,Y,N
PM-00061,P260001X,IP260001X0,PSCA,WALLET,WALLET,INBOUND,,,,500000,2500,500000,0,PKR,CONFIRMED,FINAL,2026-07-30,2026-07-30,SAME_DAY,CUTOFF-2026.07,2026-07-30T15:00:00Z,2026-07-30T15:00:00Z,E2EP260001X0060,,,,,PK**************2252,NBPAPKKA,PSID 41011300000506179 TRAFFIC E-CHALLAN - ,,,,Y,N,N
PM-00062,P260001Y,IP260001Y0,ETPB,AGENT,IBFT_1LINK,INBOUND,,,,1860000,0,1860000,0,PKR,CONFIRMED,FINAL,2026-07-29,2026-07-29,SAME_DAY,CUTOFF-2026.07,2026-07-29T16:07:00Z,2026-07-29T16:07:00Z,E2EP260001Y0061,,376631,26210413124,NBPAACQ,PK**************6056,NBPAPKKA,PSID 31011100001852604 PROFESSIONAL TAX - B,,,,Y,Y,N
PM-00063,P260001Z,IP260001Z0,LHC,API,PRISM_RTGS,INBOUND,,,,25000000,0,25000000,0,PKR,CONFIRMED,FINAL,2026-07-29,2026-07-28,AFTER_CUTOFF,CUTOFF-2026.07,2026-07-28T17:14:00Z,2026-07-28T17:14:00Z,E2EP260001Z0062,,,,,PK**************9501,MUCBPKKA,PSID 61011700000664618 SECURITY DEPOSIT - L,,,,Y,N,N
PM-00064,P2600020,IP26000200,NADRA,APP,RAAST,INBOUND,,,,150000,2500,150000,0,PKR,CONFIRMED,FINAL,2026-07-27,2026-07-27,SAME_DAY,CUTOFF-2026.07,2026-07-27T09:21:00Z,2026-07-27T09:21:00Z,E2EP26000200063,b394af06-74ee-4fe7-828c-fb2122c4d2da,,,,PK**************4986,HABBPKKA,PSID 88000000000047 CNIC ISSUANCE / RENE,,RAAST-2026-07-27-C3,,Y,N,Y
PM-00065,P2600021,IP26000210,PRA,QR,RAAST,INBOUND,,,,20000000,0,20000000,0,PKR,CONFIRMED,FINAL,2026-07-30,2026-07-30,SAME_DAY,CUTOFF-2026.07,2026-07-30T10:28:00Z,2026-07-30T10:28:00Z,E2EP26000210064,cc733b4e-8db1-491b-83be-1b430a504966,,,,PK**************9798,MEZNPKKA,PSID 21010700000694183 PUNJAB SALES TAX ON ,,RAAST-2026-07-30-C3,,Y,N,Y
PM-00066,P2600022,IP26000220,ETPB,BILLER,IBFT_1LINK,INBOUND,,,,2170000,0,2170000,0,PKR,CONFIRMED,FINAL,2026-07-29,2026-07-29,SAME_DAY,CUTOFF-2026.07,2026-07-29T11:35:00Z,2026-07-29T11:35:00Z,E2EP26000220065,,249924,26210973065,JSBLACQ,PK**************1855,JSBLPKKA,PSID 31011100001939024 PROFESSIONAL TAX - B,,,,Y,Y,N
PM-00067,P2600023,IP26000230,ETPB,ATM,IBFT_1LINK,INBOUND,,,,11400000,2500,11400000,0,PKR,CONFIRMED,FINAL,2026-07-28,2026-07-28,SAME_DAY,CUTOFF-2026.07,2026-07-28T12:42:00Z,2026-07-28T12:42:00Z,E2EP26000230066,,282253,26209844364,HABBACQ,PK**************2526,HABBPKKA,PSID 31011000003167555 MOTOR VEHICLE REGIST,,,,Y,Y,N
PM-00068,P2600024,IP26000240,BOR,IBANKING,RAAST,INBOUND,,,,75000000,0,75000000,0,PKR,CONFIRMED,FINAL,2026-07-27,2026-07-27,SAME_DAY,CUTOFF-2026.07,2026-07-27T13:49:00Z,2026-07-27T13:49:00Z,E2EP26000240067,7aec22f1-67b3-4949-8488-6ec5a7fe219f,,,,PK**************8397,HABBPKKA,PSID 71011900000819928 TENDER / EARNEST MON,,RAAST-2026-07-27-C4,,Y,N,Y
PM-00069,P2600025,IP26000250,FBR,CARD,PAYPAK,INBOUND,,,,28123200,0,28123200,0,PKR,CONFIRMED,FINAL,2026-07-30,2026-07-30,SAME_DAY,CUTOFF-2026.07,2026-07-30T14:56:00Z,2026-07-30T14:56:00Z,E2EP26000250068,,164033,26211491067,MUCBACQ,PK**************2160,MUCBPKKA,PSID 12010400001909944 SALES TAX ON GOODS -,,,,Y,Y,N
PM-00070,P2600026,IP26000260,PSCA,WALLET,WALLET,INBOUND,,,,450000,2500,450000,0,PKR,CONFIRMED,FINAL,2026-07-29,2026-07-29,SAME_DAY,CUTOFF-2026.07,2026-07-29T15:03:00Z,2026-07-29T15:03:00Z,E2EP26000260069,,,,,PK**************3559,FAYSPKKA,PSID 41011400001215669 TRAFFIC E-CHALLAN - ,,,,Y,N,N
PM-00071,P2600027,IP26000270,FBR,AGENT,IBFT_1LINK,INBOUND,,,,107650000,0,107650000,0,PKR,CONFIRMED,FINAL,2026-07-28,2026-07-28,SAME_DAY,CUTOFF-2026.07,2026-07-28T16:10:00Z,2026-07-28T16:10:00Z,E2EP26000270070,,472062,26209831712,MUCBACQ,PK**************7008,MUCBPKKA,PSID 12010500003105952 CUSTOMS DUTY & TAXES,,,,Y,Y,N
PM-00072,P2600028,IP26000280,NADRA,API,PRISM_RTGS,INBOUND,,,,150000,2500,150000,0,PKR,CONFIRMED,FINAL,2026-07-27,2026-07-27,SAME_DAY,CUTOFF-2026.07,2026-07-27T17:17:00Z,2026-07-27T17:17:00Z,E2EP26000280071,,,,,PK**************5719,ALFHPKKA,PSID 88000000000039 CNIC ISSUANCE / RENE,,,,Y,N,N
PM-00073,P2600029,IP26000290,FBR,APP,RAAST,INBOUND,,,,83655000,0,83655000,0,PKR,CONFIRMED,FINAL,2026-07-30,2026-07-30,SAME_DAY,CUTOFF-2026.07,2026-07-30T09:24:00Z,2026-07-30T09:24:00Z,E2EP26000290072,d527c610-f323-4c73-82cc-1ba12aafb7d8,,,,PK**************2898,ALFHPKKA,PSID 12010100001105118 INCOME TAX - COMPANI,,RAAST-2026-07-30-C3,,Y,N,Y
PM-00074,P260002A,IP260002A0,LHC,QR,RAAST,INBOUND,,,,2000000,2500,2000000,0,PKR,CONFIRMED,FINAL,2026-07-29,2026-07-29,SAME_DAY,CUTOFF-2026.07,2026-07-29T10:31:00Z,2026-07-29T10:31:00Z,E2EP260002A0073,5701b8f0-9cc2-4044-8ba5-37799336a6d7,,,,PK**************5175,FAYSPKKA,PSID 61011600000273146 COURT FEE - CIVIL FI,,RAAST-2026-07-29-C3,,Y,N,Y
PM-00075,P260002B,IP260002B0,ETPB,BILLER,IBFT_1LINK,INBOUND,,,,2790000,0,2790000,0,PKR,CONFIRMED,FINAL,2026-07-28,2026-07-28,SAME_DAY,CUTOFF-2026.07,2026-07-28T11:38:00Z,2026-07-28T11:38:00Z,E2EP260002B0074,,466868,26209960669,HABBACQ,PK**************8985,HABBPKKA,PSID 31011100002132201 PROFESSIONAL TAX - B,,,,Y,Y,N
PM-00076,P260002C,IP260002C0,FBR,ATM,IBFT_1LINK,INBOUND,,,,79788500,0,79788500,0,PKR,CONFIRMED,FINAL,2026-07-27,2026-07-27,SAME_DAY,CUTOFF-2026.07,2026-07-27T12:45:00Z,2026-07-27T12:45:00Z,E2EP260002C0075,,747191,26208584948,FAYSACQ,PK**************8766,FAYSPKKA,PSID 12010100001067875 INCOME TAX - COMPANI,,,,Y,Y,N
PM-00077,P260002D,IP260002D0,FBR,IBANKING,RAAST,INBOUND,,,,34776000,0,34776000,0,PKR,CONFIRMED,FINAL,2026-07-30,2026-07-30,SAME_DAY,CUTOFF-2026.07,2026-07-30T13:52:00Z,2026-07-30T13:52:00Z,E2EP260002D0076,1a412def-0fa2-4d3c-861c-113fd12920ba,,,,PK**************7859,UNILPKKA,PSID 12010400002186397 SALES TAX ON GOODS -,,RAAST-2026-07-30-C4,,Y,N,Y
PM-00078,P260002E,IP260002E0,PSCA,CARD,PAYPAK,INBOUND,,,,200000,2500,200000,0,PKR,CONFIRMED,FINAL,2026-07-29,2026-07-29,SAME_DAY,CUTOFF-2026.07,2026-07-29T14:59:00Z,2026-07-29T14:59:00Z,E2EP260002E0077,,349072,26210242649,EASYACQ,PK**************9655,EASYPKKA,PSID 41011300001105173 TRAFFIC E-CHALLAN - ,,,,Y,Y,N
PM-00079,P260002F,IP260002F0,PRA,WALLET,WALLET,INBOUND,,,,11600000,0,11600000,0,PKR,CONFIRMED,FINAL,2026-07-28,2026-07-28,SAME_DAY,CUTOFF-2026.07,2026-07-28T15:06:00Z,2026-07-28T15:06:00Z,E2EP260002F0078,,,,,PK**************4205,JSBLPKKA,PSID 21010700000247946 PUNJAB SALES TAX ON ,,,,Y,N,N
PM-00080,P260002G,IP260002G0,BOR,AGENT,IBFT_1LINK,INBOUND,,,,24640000,2500,24640000,0,PKR,CONFIRMED,FINAL,2026-07-28,2026-07-27,AFTER_CUTOFF,CUTOFF-2026.07,2026-07-27T16:13:00Z,2026-07-27T16:13:00Z,E2EP260002G0079,,133873,26209433888,UNILACQ,PK**************4178,UNILPKKA,PSID 71011800000407636 STAMP DUTY - PROPERT,,,,Y,Y,N
PM-00081,P260002H,IP260002H0,ETPB,RTP,RAAST,INBOUND,,,R260001,1150000,0,1150000,0,PKR,CONFIRMED,FINAL,2026-07-29,2026-07-29,SAME_DAY,CUTOFF-2026.07,2026-07-29T11:09:00Z,2026-07-29T11:09:00Z,R260001,19f6f4e1-f90d-45e1-8113-2cb61c8c45a9,,,,PK**************3206,ALFHPKKA,RAAST RTP R260001 PSID 31010900000925960,,RAAST-2026-07-29-C3,,Y,N,Y
PM-00082,P260002J,IP260002J0,ETPB,RTP,RAAST,INBOUND,,,R260002,1250000,0,1250000,0,PKR,CONFIRMED,FINAL,2026-07-28,2026-07-28,SAME_DAY,CUTOFF-2026.07,2026-07-28T12:18:00Z,2026-07-28T12:18:00Z,R260002,b728f0ca-0f12-489b-8f90-1cad5b1951e1,,,,PK**************8056,FAYSPKKA,RAAST RTP R260002 PSID 31010900001030807,,RAAST-2026-07-28-C4,,Y,N,Y
PM-00083,P260002K,IP260002K0,ETPB,RTP,RAAST,INBOUND,,,R260003,1575000,0,1575000,0,PKR,CONFIRMED,FINAL,2026-07-30,2026-07-30,SAME_DAY,CUTOFF-2026.07,2026-07-30T13:27:00Z,2026-07-30T13:27:00Z,R260003,0d33f8f1-8bb2-4167-82d4-1ff61a04433f,,,,PK**************2242,ALFHPKKA,RAAST RTP R260003 PSID 31010900001168656,,RAAST-2026-07-30-C4,,Y,N,Y
PM-00084,P260002M,IP260002M0,ETPB,RTP,RAAST,INBOUND,,,R260004,1900000,0,1900000,0,PKR,CONFIRMED,FINAL,2026-07-29,2026-07-29,SAME_DAY,CUTOFF-2026.07,2026-07-29T14:36:00Z,2026-07-29T14:36:00Z,R260004,712d5d90-1e6f-4e7d-8de4-cca7d5166b35,,,,PK**************3206,HABBPKKA,RAAST RTP R260004 PSID 31010900001239495,,RAAST-2026-07-29-C4,,Y,N,Y
PM-00085,P260002N,IP260002N0,WASA,OTC_CASH,CASH,INBOUND,,,,221000,0,221000,0,PKR,CONFIRMED,FINAL,2026-07-30,2026-07-30,SAME_DAY,CUTOFF-2026.07,2026-07-30T10:00:00Z,2026-07-30T10:00:00Z,E2EP260002N0084,,,,,PK**************7002,MUCBPKKA,CASH OTC 5101150000048,,,,Y,N,N
PM-00086,P260002P,IP260002P0,WASA,OTC_CASH,CASH,INBOUND,,,,206000,0,206000,0,PKR,CONFIRMED,FINAL,2026-07-29,2026-07-29,SAME_DAY,CUTOFF-2026.07,2026-07-29T11:11:00Z,2026-07-29T11:11:00Z,E2EP260002P0085,,,,,PK**************3103,EASYPKKA,CASH OTC 5101150000057,,,,Y,N,N
PM-00087,P260002Q,IP260002Q0,WASA,OTC_CASH,CASH,INBOUND,,,,191000,0,191000,0,PKR,CONFIRMED,FINAL,2026-07-28,2026-07-28,SAME_DAY,CUTOFF-2026.07,2026-07-28T12:22:00Z,2026-07-28T12:22:00Z,E2EP260002Q0086,,,,,PK**************6608,HABBPKKA,CASH OTC 5101150000061,,,,Y,N,N
PM-00088,P260002R,IP260002R0,WASA,OTC_CASH,CASH,INBOUND,,,,235000,0,235000,0,PKR,CONFIRMED,FINAL,2026-07-30,2026-07-30,SAME_DAY,CUTOFF-2026.07,2026-07-30T13:33:00Z,2026-07-30T13:33:00Z,E2EP260002R0087,,,,,PK**************9459,ALFHPKKA,CASH OTC 5101150000073,,,,Y,N,N
PM-00089,P260002S,IP260002S0,WASA,OTC_CASH,CASH,INBOUND,,,,220000,0,220000,0,PKR,CONFIRMED,FINAL,2026-07-29,2026-07-29,SAME_DAY,CUTOFF-2026.07,2026-07-29T14:44:00Z,2026-07-29T14:44:00Z,E2EP260002S0088,,,,,PK**************7887,JSBLPKKA,CASH OTC 5101150000085,,,,Y,N,N
PM-00090,P260002T,IP260002T0,WASA,OTC_CASH,CASH,INBOUND,,,,205000,0,205000,0,PKR,CONFIRMED,FINAL,2026-07-28,2026-07-28,SAME_DAY,CUTOFF-2026.07,2026-07-28T15:55:00Z,2026-07-28T15:55:00Z,E2EP260002T0089,,,,,PK**************8458,FAYSPKKA,CASH OTC 5101150000099,,,,Y,N,N
PM-00091,P260002V,IP260002V0,WASA,OTC_CASH,CASH,INBOUND,,,,249000,0,249000,0,PKR,CONFIRMED,FINAL,2026-07-30,2026-07-30,SAME_DAY,CUTOFF-2026.07,2026-07-30T10:06:00Z,2026-07-30T10:06:00Z,E2EP260002V0090,,,,,PK**************7238,FAYSPKKA,CASH OTC 5101150000103,,,,Y,N,N
PM-00092,P260002W,IP260002W0,WASA,OTC_CASH,CASH,INBOUND,,,,234000,0,234000,0,PKR,CONFIRMED,FINAL,2026-07-29,2026-07-29,SAME_DAY,CUTOFF-2026.07,2026-07-29T11:17:00Z,2026-07-29T11:17:00Z,E2EP260002W0091,,,,,PK**************4023,MEZNPKKA,CASH OTC 5101150000116,,,,Y,N,N
PM-00093,P260002X,IP260002X0,WASA,OTC_CASH,CASH,INBOUND,,,,219000,0,219000,0,PKR,CONFIRMED,FINAL,2026-07-28,2026-07-28,SAME_DAY,CUTOFF-2026.07,2026-07-28T12:28:00Z,2026-07-28T12:28:00Z,E2EP260002X0092,,,,,PK**************9744,MEZNPKKA,CASH OTC 5101150000127,,,,Y,N,N
PM-00094,P260002Y,IP260002Y0,WASA,OTC_CASH,CASH,INBOUND,,,,263000,0,263000,0,PKR,CONFIRMED,FINAL,2026-07-30,2026-07-30,SAME_DAY,CUTOFF-2026.07,2026-07-30T13:39:00Z,2026-07-30T13:39:00Z,E2EP260002Y0093,,,,,PK**************3802,JSBLPKKA,CASH OTC 5101150000134,,,,Y,N,N
PM-00095,P260002Z,IP260002Z0,FBR,IBANKING,RAAST,INBOUND,,,,20235800,0,20235800,0,PKR,CONFIRMED,FINAL,2026-07-30,2026-07-30,SAME_DAY,CUTOFF-2026.07,2026-07-30T12:00:00Z,2026-07-30T12:00:00Z,E2EP260002Z0094,56258e90-c4d9-47a5-89c3-fbd3ffe918b7,,,,PK**************6689,MEZNPKKA,PART PAYMENT PSID 12010100000485997,,RAAST-2026-07-30-C4,,Y,N,Y
PM-00096,P2600030,IP26000300,FBR,IBANKING,RAAST,INBOUND,,,,27378000,0,27378000,0,PKR,CONFIRMED,FINAL,2026-07-29,2026-07-29,SAME_DAY,CUTOFF-2026.07,2026-07-29T12:13:00Z,2026-07-29T12:13:00Z,E2EP26000300095,444f6efc-ee2e-465b-874c-cc97e2f04bc5,,,,PK**************7827,ALFHPKKA,PART PAYMENT PSID 12010100000587511,,RAAST-2026-07-29-C4,,Y,N,Y
PM-00097,P2600031,IP26000310,FBR,IBANKING,RAAST,INBOUND,,,,35743500,0,35743500,0,PKR,CONFIRMED,FINAL,2026-07-28,2026-07-28,SAME_DAY,CUTOFF-2026.07,2026-07-28T12:26:00Z,2026-07-28T12:26:00Z,E2EP26000310096,93bf4aa6-eae7-4d10-837b-839ce920a146,,,,PK**************8628,SCBLPKKX,PART PAYMENT PSID 12010100000683459,,RAAST-2026-07-28-C4,,Y,N,Y
PM-00098,P2600032,IP26000320,FBR,IBANKING,RAAST,INBOUND,,,,45632300,0,45632300,0,PKR,CONFIRMED,FINAL,2026-07-30,2026-07-30,SAME_DAY,CUTOFF-2026.07,2026-07-30T12:39:00Z,2026-07-30T12:39:00Z,E2EP26000320097,9a050537-0e55-4183-86ea-3656c975bd23,,,,PK**************1711,HABBPKKA,PART PAYMENT PSID 12010100000733644,,RAAST-2026-07-30-C4,,Y,N,Y
PM-00099,P2600033,IP26000330,FBR,IBANKING,RAAST,INBOUND,,,,27682200,0,27682200,0,PKR,CONFIRMED,FINAL,2026-07-29,2026-07-29,SAME_DAY,CUTOFF-2026.07,2026-07-29T12:52:00Z,2026-07-29T12:52:00Z,E2EP26000330098,f19e7a16-e1f2-4546-8b56-97fa80ec5563,,,,PK**************9459,UNILPKKA,PART PAYMENT PSID 12010100000831173,,RAAST-2026-07-29-C4,,Y,N,Y
PM-00100,P2600034,IP26000340,FBR,IBANKING,RAAST,INBOUND,,,,37011000,0,37011000,0,PKR,CONFIRMED,FINAL,2026-07-28,2026-07-28,SAME_DAY,CUTOFF-2026.07,2026-07-28T12:05:00Z,2026-07-28T12:05:00Z,E2EP26000340099,8024f355-821f-43d9-8d72-be947b6f5b59,,,,PK**************4413,NBPAPKKA,PART PAYMENT PSID 12010100000966361,,RAAST-2026-07-28-C4,,Y,N,Y
PM-00101,P2600035,IP26000350,WASA,APP,RAAST,INBOUND,,,,414700,0,414700,0,PKR,CONFIRMED,FINAL,2026-07-29,2026-07-29,SAME_DAY,CUTOFF-2026.07,2026-07-29T15:05:00Z,2026-07-29T15:05:00Z,E2EP26000350100,766a57b4-cf77-4bb2-82a3-7c528f2fa13c,,,,PK**************3203,SCBLPKKX,WASA ARREARS 5101150000012,,RAAST-2026-07-29-C4,,Y,N,Y
PM-00102,P2600036,IP26000360,PSCA,QR,RAAST,INBOUND,,,,800000,2500,800000,0,PKR,CONFIRMED,FINAL,2026-07-30,2026-07-30,SAME_DAY,CUTOFF-2026.07,2026-07-30T14:32:00Z,2026-07-30T14:32:00Z,E2EP26000360101,aba3d984-043f-477b-8b07-5ee5571486b1,,,,PK**************6111,EASYPKKA,QR CHALLAN 41011300001764709 41011400001867008,,RAAST-2026-07-30-C4,,Y,N,Y
PM-00103,P2600037,IP26000370,PSCA,ATM,IBFT_1LINK,INBOUND,,,,150000,2500,150000,0,PKR,CONFIRMED,FINAL,2026-07-27,2026-07-27,SAME_DAY,CUTOFF-2026.07,2026-07-27T12:12:00Z,2026-07-27T12:12:00Z,E2EP26000370102,,572268,26208950694,HABBACQ,PK**************6263,HABBPKKA,CHALLAN 41011400001606295,,,,Y,Y,N
PM-00104,P2600038,IP26000380,ETPB,APP,RAAST,INBOUND,,,,2810000,0,2810000,500000,PKR,CONFIRMED,FINAL,2026-07-29,2026-07-29,SAME_DAY,CUTOFF-2026.07,2026-07-29T11:40:00Z,2026-07-29T11:40:00Z,E2EP26000380103,11b8da89-a544-4c03-8653-4cfd6d7a1cea,,,,PK**************1961,UNILPKKA,OVERPAY PSID 31011200002288756,,RAAST-2026-07-29-C3,,Y,N,Y
PM-00105,P2600039,IP26000390,ETPB,APP,RAAST,INBOUND,,,,3640000,0,3640000,750000,PKR,CONFIRMED,FINAL,2026-07-29,2026-07-29,SAME_DAY,CUTOFF-2026.07,2026-07-29T11:41:00Z,2026-07-29T11:41:00Z,E2EP26000390104,484605f4-b2aa-4e84-89f8-cbfa4581b391,,,,PK**************7671,NBPAPKKA,OVERPAY PSID 31011200002317567,,RAAST-2026-07-29-C3,,Y,N,Y
PM-00106,P260003A,IP260003A0,ETPB,ATM,IBFT_1LINK,INBOUND,,,,1355000,2500,1355000,30000,PKR,CONFIRMED,FINAL,2026-07-30,2026-07-30,SAME_DAY,CUTOFF-2026.07,2026-07-30T13:09:00Z,2026-07-30T13:09:00Z,E2EP260003A0105,,846924,26211109371,HABBACQ,PK**************6733,HABBPKKA,TOKEN TAX 31010900000272949,,,,Y,Y,N
PM-00107,P260003B,IP260003B0,FBR,API,PRISM_RTGS,INBOUND,,BULK-2026-07-29-0001,,37110000,0,37110000,0,PKR,CONFIRMED,FINAL,2026-07-29,2026-07-29,SAME_DAY,CUTOFF-2026.07,2026-07-29T16:45:00Z,2026-07-29T16:45:00Z,E2EP260003B0106,,,,,PK**************5359,SCBLPKKX,BULK WHT FILE BULK-2026-07-29-0001 12 CHALLANS,,,,Y,N,N
PM-00108,P260003C,IP260003C0,FBR,CHEQUE,CHEQUE_CLEARING,INBOUND,IN-0001,,,121419500,0,121419500,0,PKR,CONFIRMED,FINAL,2026-07-28,2026-07-28,SAME_DAY,CUTOFF-2026.07,2026-07-28T10:05:00Z,2026-07-28T10:05:00Z,E2EP260003C0107,,,,,PK**************8306,ALFHPKKA,CHEQUE 004821 Habib Bank Limited 3 CHALLANS,,,,Y,N,N
PM-00109,P260003D,IP260003D0,FBR,CHEQUE,CHEQUE_CLEARING,INBOUND,IN-0002,,,63200000,0,63200000,0,PKR,CONFIRMED,FINAL,2026-07-28,2026-07-28,SAME_DAY,CUTOFF-2026.07,2026-07-28T11:20:00Z,2026-07-28T11:20:00Z,E2EP260003D0108,,,,,PK**************1954,ALFHPKKA,PAY ORDER PO-778120 CUSTOMS DUTY,,,,Y,N,N
PM-00110,P260003E,IP260003E0,BOR,CHEQUE,CHEQUE_CLEARING,INBOUND,IN-0003,,,50000000,0,50000000,0,PKR,CONFIRMED,FINAL,2026-07-29,2026-07-29,SAME_DAY,CUTOFF-2026.07,2026-07-29T12:00:00Z,2026-07-29T12:00:00Z,E2EP260003E0109,,,,,PK**************5533,FAYSPKKA,DD-991204 TENDER SECURITY BOR-T-2026-77,,,,Y,N,N
PM-00111,P260003F,IP260003F0,FBR,CHEQUE,CHEQUE_CLEARING,INBOUND,IN-0004,,,64411200,0,64411200,0,PKR,REVERSED,PROVISIONAL,2026-07-27,2026-07-27,SAME_DAY,CUTOFF-2026.07,2026-07-27T10:45:00Z,2026-07-27T10:45:00Z,E2EP260003F0110,,,,,PK**************6417,FAYSPKKA,CHEQUE 004822 SALES TAX 3 RETURNS,,,,N,N,N
PM-00112,P260003G,IP260003G0,,API,PRISM_RTGS,INBOUND,,,,4750000,0,4750000,4750000,PKR,CONFIRMED,FINAL,2026-07-30,2026-07-30,SAME_DAY,CUTOFF-2026.07,2026-07-30T11:03:00Z,2026-07-30T11:03:00Z,E2EP260003G0111,,,,,PK**************2062,MUCBPKKA,TOKEN TAX LEA 17 1000 PAYMENT AHMED,,,,Y,N,N
PM-00113,P260003H,IP260003H0,,API,PRISM_RTGS,INBOUND,,,,12500000,0,12500000,12500000,PKR,CONFIRMED,FINAL,2026-07-16,2026-07-16,SAME_DAY,CUTOFF-2026.07,2026-07-16T09:51:00Z,2026-07-16T09:51:00Z,E2EP260003H0112,,,,,PK**************7314,FAYSPKKA,TAX PAYMENT AHMED,,,,Y,N,N
PM-00114,P260003J,IP260003J0,NADRA,BILLER,IBFT_1LINK,INBOUND,,,,150000,0,150000,0,PKR,UNCERTAIN,FINAL,2026-07-30,2026-07-30,SAME_DAY,CUTOFF-2026.07,2026-07-30T17:58:00Z,,E2EP260003J0113,,150265,26211445200,UNILACQ,PK**************1974,UNILPKKA,BILLER TIMEOUT 88000000000013,,,,N,Y,N
PM-00115,P260003K,IP260003K0,SRB,APP,RAAST,INBOUND,,,,19200000,0,19200000,19200000,PKR,CONFIRMED,FINAL,2026-07-30,2026-07-30,SAME_DAY,CUTOFF-2026.07,2026-07-30T14:41:00Z,2026-07-30T14:41:00Z,E2EP260003K0114,ec2dee3f-bf53-402e-8bea-a83e6e07e407,,,,PK**************7932,HABBPKKA,PSID 22010800000305128 SINDH SALES TAX ON S,,RAAST-2026-07-30-C4,P260000A,Y,N,Y
